pull_number,release_tag
63,3.2.4
55,3.2.4
92,3.5.0
86,3.5.0
75,3.5.0
69,3.5.0
111,3.6.0
110,3.6.0
205,4.0.0
200,4.0.0
192,4.0.0
179,4.0.0
169,4.0.0
181,4.0.0
178,4.0.0
172,4.0.0
165,4.0.0
164,4.0.0
154,4.0.0
153,4.0.0
135,4.0.0
261,4.1.0
249,4.1.0
248,4.1.0
247,4.1.0
246,4.1.0
244,4.1.0
229,4.1.0
227,4.1.0
216,4.1.0
400,5.1.0
397,5.1.0
393,5.1.0
340,5.1.0
380,5.1.0
391,5.1.0
386,5.1.0
387,5.1.0
378,5.1.0
389,5.1.0
383,5.1.0
369,5.1.0
364,5.1.0
328,5.1.0
322,5.1.0
320,5.1.0
287,5.1.0
294,5.1.0
284,5.1.0
503,5.2.0
497,5.2.0
494,5.2.0
489,5.2.0
487,5.2.0
484,5.2.0
472,5.2.0
454,5.2.0
447,5.2.0
448,5.2.0
442,5.2.0
432,5.2.0
430,5.2.0
429,5.2.0
415,5.2.0
410,5.2.0
408,5.2.0
539,6.0.0
535,6.0.0
536,6.0.0
556,6.1.0
558,6.1.0
557,6.1.0
555,6.1.0
554,6.1.0
550,6.1.0
628,6.2.0
627,6.2.0
619,6.2.0
622,6.2.0
593,6.2.0
604,6.2.0
609,6.2.0
592,6.2.0
584,6.2.0
587,6.2.0
577,6.2.0
576,6.2.0
672,6.3.0
668,6.3.0
664,6.3.0
666,6.3.0
661,6.3.0
657,6.3.0
655,6.3.0
650,6.3.0
750,6.4.0
742,6.4.0
740,6.4.0
739,6.4.0
727,6.4.0
730,6.4.0
731,6.4.0
718,6.4.0
714,6.4.0
707,6.4.0
709,6.4.0
706,6.4.0
704,6.4.0
695,6.4.0
694,6.4.0
691,6.4.0
688,6.4.0
687,6.4.0
683,6.4.0
681,6.4.0
852,6.5.0
851,6.5.0
850,6.5.0
845,6.5.0
847,6.5.0
844,6.5.0
843,6.5.0
839,6.5.0
838,6.5.0
836,6.5.0
827,6.5.0
837,6.5.0
824,6.5.0
822,6.5.0
820,6.5.0
818,6.5.0
815,6.5.0
811,6.5.0
806,6.5.0
805,6.5.0
801,6.5.0
804,6.5.0
802,6.5.0
800,6.5.0
795,6.5.0
792,6.5.0
787,6.5.0
780,6.5.0
779,6.5.0
775,6.5.0
771,6.5.0
763,6.5.0
757,6.5.0
755,6.5.0
759,6.5.0
754,6.5.0
751,6.5.0
745,6.5.0
717,6.5.0
696,6.5.0
692,6.5.0
671,6.5.0
606,6.5.0
912,6.5.1
893,6.5.1
910,6.5.1
907,6.5.1
902,6.5.1
899,6.5.1
897,6.5.1
892,6.5.1
883,6.5.1
873,6.5.1
875,6.5.1
872,6.5.1
863,6.5.1
868,6.5.1
871,6.5.1
869,6.5.1
856,6.5.1
864,6.5.1
865,6.5.1
861,6.5.1
859,6.5.1
858,6.5.1
855,6.5.1
981,6.5.2
976,6.5.2
980,6.5.2
979,6.5.2
974,6.5.2
973,6.5.2
968,6.5.2
972,6.5.2
969,6.5.2
966,6.5.2
963,6.5.2
947,6.5.2
956,6.5.2
942,6.5.2
943,6.5.2
941,6.5.2
938,6.5.2
936,6.5.2
908,6.5.2
929,6.5.2
928,6.5.2
927,6.5.2
924,6.5.2
921,6.5.2
919,6.5.2
917,6.5.2
916,6.5.2
914,6.5.2
913,6.5.2
982,7.0.0
1056,7.0.0
1067,7.0.0
1072,7.0.0
1066,7.0.0
1065,7.0.0
1027,7.0.0
999,7.0.0
1058,7.0.0
1042,7.0.0
1050,7.0.0
1055,7.0.0
1049,7.0.0
1034,7.0.0
1019,7.0.0
1015,7.0.0
1013,7.0.0
1010,7.0.0
1006,7.0.0
1007,7.0.0
1008,7.0.0
1003,7.0.0
997,7.0.0
990,7.0.0
988,7.0.0
984,7.0.0
1090,7.0.1
1125,7.0.1
1118,7.0.1
1113,7.0.1
1105,7.0.1
1096,7.0.1
1085,7.0.1
1083,7.0.1
1082,7.0.1
1080,7.0.1
1044,7.0.1
1079,7.0.1
1076,7.0.1
1180,7.0.2
1181,7.0.2
1175,7.0.2
1165,7.0.2
1173,7.0.2
1157,7.0.2
1142,7.0.2
1235,7.0.3
1234,7.0.3
1217,7.0.3
1209,7.0.3
1191,7.0.3
1204,7.0.3
1199,7.0.3
1196,7.0.3
1136,7.0.3
1182,7.0.3
1198,7.0.3
1193,7.0.3
1251,8.0.0
1347,8.0.0
1346,8.0.0
1342,8.0.0
1343,8.0.0
1341,8.0.0
1338,8.0.0
1337,8.0.0
1336,8.0.0
1334,8.0.0
1333,8.0.0
1329,8.0.0
1331,8.0.0
1328,8.0.0
1321,8.0.0
1320,8.0.0
1322,8.0.0
1327,8.0.0
1318,8.0.0
1319,8.0.0
1317,8.0.0
1316,8.0.0
1315,8.0.0
1301,8.0.0
1308,8.0.0
1312,8.0.0
1306,8.0.0
1303,8.0.0
1294,8.0.0
1293,8.0.0
1300,8.0.0
1296,8.0.0
1295,8.0.0
1292,8.0.0
1291,8.0.0
1289,8.0.0
1,8.1.0
1283,8.0.0
1280,8.0.0
1270,8.0.0
1279,8.0.0
1276,8.0.0
1272,8.0.0
1274,8.0.0
1271,8.0.0
1269,8.0.0
1268,8.0.0
1267,8.0.0
1265,8.0.0
1263,8.0.0
1262,8.0.0
1260,8.0.0
1261,8.0.0
1255,8.0.0
1253,8.0.0
1246,8.0.0
1248,8.0.0
1247,8.0.0
1245,8.0.0
1244,8.0.0
1240,8.0.0
1241,8.0.0
1126,8.0.0
1228,8.0.0
1225,8.0.0
1224,8.0.0
1215,8.0.0
1203,8.0.0
1195,8.0.0
1194,8.0.0
1186,8.0.0
1183,8.0.0
1154,8.0.0
1146,8.0.0
1353,8.0.1
1350,8.0.1
1349,8.0.1
1382,8.1.0
1380,8.1.0
1379,8.1.0
1378,8.1.0
1372,8.1.0
1369,8.1.0
1367,8.1.0
1363,8.1.0
1366,8.1.0
1365,8.1.0
1352,8.1.0
1364,8.1.0
1360,8.1.0
1359,8.1.0
1355,8.1.0
1403,8.1.1
1402,8.1.1
1401,8.1.1
1394,8.1.1
1392,8.1.1
1391,8.1.1
1390,8.1.1
1388,8.1.1
1387,8.1.1
1383,8.1.1
1440,8.2.0
1437,8.2.0
1427,8.2.0
1421,8.2.0
1430,8.2.0
1432,8.2.0
1426,8.2.0
1422,8.2.0
1419,8.2.0
1418,8.2.0
1417,8.2.0
1409,8.2.0
1384,8.2.0
1407,8.2.0
1405,8.2.0
1458,8.2.1
1448,8.2.1
1457,8.2.1
1456,8.2.1
1455,8.2.1
1452,8.2.1
1445,8.2.1
1559,8.3.0
1558,8.3.0
1556,8.3.0
1557,8.3.0
1555,8.3.0
1545,8.3.0
1541,8.3.0
1554,8.3.0
1546,8.3.0
1530,8.3.0
1494,8.3.0
1486,8.3.0
1537,8.3.0
1524,8.3.0
1522,8.3.0
1496,8.3.0
1487,8.3.0
1501,8.3.0
1499,8.3.0
1482,8.3.0
1468,8.3.0
1471,8.3.0
1472,8.3.0
1464,8.3.0
1439,8.3.0
1466,8.3.0
1461,8.3.0
1459,8.3.0
1578,8.4.0
1577,8.4.0
1573,8.4.0
1571,8.4.0
1569,8.4.0
1570,8.4.0
1565,8.4.0
1564,8.4.0
1562,8.4.0
1560,8.4.0
1607,8.4.1
1584,8.4.1
1621,8.4.2
1618,8.4.2
1617,8.4.2
1610,8.4.2
1666,8.5.0
1653,8.5.0
1645,8.5.0
1840,8.6.0
1839,8.6.0
1832,8.6.0
1944,8.6.0
2024,9.0.8
2021,9.0.8
2015,9.0.8
2008,9.0.8
2001,9.0.8
2003,9.0.8
1999,9.0.8
1995,9.0.8
1993,9.0.8
1992,9.0.8
1986,9.0.8
1981,9.0.8
1964,9.0.8
1960,9.0.8
1959,9.0.8
1954,9.0.8
1955,9.0.8
1941,9.0.8
1912,9.0.8
1951,9.0.8
1949,9.0.8
1937,9.0.8
1943,9.0.8
1935,9.0.8
1919,9.0.8
1903,9.0.8
1910,9.0.8
1908,9.0.8
1906,9.0.8
1867,9.0.8
1904,9.0.8
1885,9.0.8
1890,9.0.8
1886,9.0.8
1884,9.0.8
1873,9.0.8
1869,9.0.8
1864,9.0.8
1854,9.0.8
1852,9.0.8
1849,9.0.8
1847,9.0.8
1836,9.0.8
1822,9.0.8
1827,9.0.8
1819,9.0.8
1806,9.0.8
1812,9.0.8
1811,9.0.8
1809,9.0.8
1808,9.0.8
1798,9.0.8
1800,9.0.8
1796,9.0.8
1795,9.0.8
1793,9.0.8
1792,9.0.8
1787,9.0.8
1781,9.0.8
1772,9.0.8
1765,9.0.8
1760,9.0.8
1759,9.0.8
1751,9.0.8
1706,9.0.8
1701,9.0.8
1686,9.0.8
1673,9.0.8
1678,9.0.8
1667,9.0.8
1663,9.0.8
1650,9.0.8
1628,9.0.8
1626,9.0.8
1632,9.0.8
1629,9.0.8
1627,9.0.8
1625,9.0.8
2031,8.6.0
2027,8.6.0
1990,8.6.0
1983,8.6.0
1982,8.6.0
1958,8.6.0
1953,8.6.0
2066,9.0.8
2065,9.0.8
2063,9.0.8
2062,9.0.8
1980,9.0.8
2032,9.0.8
2061,9.0.8
2060,9.0.8
2056,9.0.8
2055,9.0.8
2048,9.0.8
2044,9.0.8
2037,9.0.8
2033,9.0.8
2026,9.0.8
2099,9.0.8
2095,9.0.8
2025,9.0.8
2098,9.0.8
2092,9.0.8
2097,9.0.8
2096,9.0.8
2081,9.0.8
2089,9.0.8
2090,9.0.8
2078,9.0.8
2075,9.0.8
2068,9.0.8
2111,9.0.8
2110,9.0.8
2100,9.0.8
2108,9.0.8
2112,9.0.8
2114,9.0.8
2136,9.0.8
2131,9.0.8
2127,9.0.8
2080,9.0.8
2076,9.0.8
2123,9.0.8
2120,9.0.8
2125,9.0.8
2137,9.0.8
2152,9.0.8
2141,9.0.8
2153,9.0.9
2160,v10.0.0
2999,v10.3.0
3111,v10.4.0
