pr_number,release_tag,publish_date,start_date
16,v0.0.13,2013-03-28T23:05:17+09:00,2013-03-28T14:33:33+09:00
17,v0.0.14,2013-03-29T09:52:02+09:00,2013-03-28T23:05:17+09:00
18,v0.0.15,2013-03-29T15:13:15+09:00,2013-03-29T09:52:02+09:00
19,v0.0.16,2013-03-29T17:15:54+09:00,2013-03-29T15:13:15+09:00
20,v0.0.17,2013-03-29T17:45:00+09:00,2013-03-29T17:15:54+09:00
21,v0.1.0,2013-03-31T13:03:34+09:00,2013-03-30T16:14:02+09:00
23,v0.1.1,2013-04-02T00:32:55+09:00,2013-03-31T13:03:34+09:00
28,v0.1.3,2013-04-03T13:48:44+09:00,2013-04-02T23:51:14+09:00
32,v0.1.5,2013-04-04T00:07:14+09:00,2013-04-03T18:21:40+09:00
33,v0.1.6,2013-04-04T11:08:00+09:00,2013-04-04T00:07:14+09:00
35,v0.2.0,2013-04-06T13:03:49+09:00,2013-04-05T16:51:01+09:00
41,v0.2.2,2013-04-09T12:08:29+09:00,2013-04-08T10:36:45+09:00
43,v0.2.2,2013-04-09T12:08:29+09:00,2013-04-08T10:36:45+09:00
47,v0.2.3,2013-04-09T15:22:34+09:00,2013-04-09T12:08:29+09:00
46,v0.2.3,2013-04-09T15:22:34+09:00,2013-04-09T12:08:29+09:00
48,v0.2.4,2013-04-09T23:50:12+09:00,2013-04-09T15:22:34+09:00
50,v0.2.5,2013-04-10T22:11:48+09:00,2013-04-09T23:50:12+09:00
49,v0.2.5,2013-04-10T22:11:48+09:00,2013-04-09T23:50:12+09:00
52,v0.2.6,2013-04-11T09:46:08+09:00,2013-04-10T22:11:48+09:00
54,v0.2.7,2013-04-12T15:10:44+09:00,2013-04-11T09:46:08+09:00
56,v0.2.8,2013-04-13T16:53:05+09:00,2013-04-12T15:10:44+09:00
57,v0.2.8,2013-04-13T16:53:05+09:00,2013-04-12T15:10:44+09:00
58,v0.2.9,2013-04-15T09:49:57+09:00,2013-04-13T16:53:05+09:00
59,v0.2.10,2013-04-21T01:07:26+09:00,2013-04-15T09:49:57+09:00
62,v0.2.11,2013-04-23T15:56:32+09:00,2013-04-21T01:07:26+09:00
65,v0.2.14,2013-04-27T18:24:12+09:00,2013-04-23T18:51:04+09:00
69,v0.2.15,2013-04-28T19:35:23+09:00,2013-04-27T18:24:12+09:00
68,v0.2.15,2013-04-28T19:35:23+09:00,2013-04-27T18:24:12+09:00
66,v0.2.15,2013-04-28T19:35:23+09:00,2013-04-27T18:24:12+09:00
70,v0.2.16,2013-04-29T16:21:03+09:00,2013-04-28T19:35:23+09:00
71,v0.2.17,2013-05-01T12:33:15+09:00,2013-04-29T16:21:03+09:00
73,v0.2.17,2013-05-01T12:33:15+09:00,2013-04-29T16:21:03+09:00
72,v0.2.17,2013-05-01T12:33:15+09:00,2013-04-29T16:21:03+09:00
74,v0.2.18,2013-05-01T13:44:15+09:00,2013-05-01T12:33:15+09:00
79,v0.2.19,2013-05-02T15:33:45+09:00,2013-05-01T13:44:15+09:00
82,v0.2.19,2013-05-02T15:33:45+09:00,2013-05-01T13:44:15+09:00
80,v0.2.19,2013-05-02T15:33:45+09:00,2013-05-01T13:44:15+09:00
77,v0.2.19,2013-05-02T15:33:45+09:00,2013-05-01T13:44:15+09:00
84,v0.2.20,2013-05-04T02:35:08+09:00,2013-05-02T15:33:45+09:00
83,v0.2.20,2013-05-04T02:35:08+09:00,2013-05-02T15:33:45+09:00
88,v0.2.23,2013-05-07T10:35:25+09:00,2013-05-05T16:49:02+09:00
89,v0.2.23,2013-05-07T10:35:25+09:00,2013-05-05T16:49:02+09:00
87,v0.2.23,2013-05-07T10:35:25+09:00,2013-05-05T16:49:02+09:00
95,v0.2.25,2013-05-09T13:00:49+09:00,2013-05-07T21:13:30+09:00
93,v0.2.25,2013-05-09T13:00:49+09:00,2013-05-07T21:13:30+09:00
100,v0.2.28,2013-05-13T18:40:58+09:00,2013-05-13T14:09:05+09:00
98,v0.3.0,2013-05-13T21:53:02+09:00,2013-05-13T18:40:58+09:00
101,v0.3.0,2013-05-13T21:53:02+09:00,2013-05-13T18:40:58+09:00
92,v0.3.1,2013-05-14T09:35:28+09:00,2013-05-13T21:53:02+09:00
103,v0.3.2,2013-05-14T21:40:36+09:00,2013-05-14T09:35:28+09:00
105,v0.4.0,2013-05-17T13:57:12+09:00,2013-05-14T21:40:36+09:00
106,v0.4.0,2013-05-17T13:57:12+09:00,2013-05-14T21:40:36+09:00
109,v0.4.1,2013-05-18T14:15:11+09:00,2013-05-17T13:57:12+09:00
108,v0.4.1,2013-05-18T14:15:11+09:00,2013-05-17T13:57:12+09:00
107,v0.4.1,2013-05-18T14:15:11+09:00,2013-05-17T13:57:12+09:00
111,v0.4.2,2013-05-19T11:12:13+09:00,2013-05-18T14:15:11+09:00
110,v0.4.2,2013-05-19T11:12:13+09:00,2013-05-18T14:15:11+09:00
116,v0.4.3,2013-05-19T14:35:49+09:00,2013-05-19T11:12:13+09:00
115,v0.4.3,2013-05-19T14:35:49+09:00,2013-05-19T11:12:13+09:00
114,v0.4.3,2013-05-19T14:35:49+09:00,2013-05-19T11:12:13+09:00
113,v0.4.3,2013-05-19T14:35:49+09:00,2013-05-19T11:12:13+09:00
112,v0.4.3,2013-05-19T14:35:49+09:00,2013-05-19T11:12:13+09:00
118,v0.4.4,2013-05-19T16:19:05+09:00,2013-05-19T14:35:49+09:00
117,v0.4.4,2013-05-19T16:19:05+09:00,2013-05-19T14:35:49+09:00
122,v0.4.5,2013-05-19T18:38:34+09:00,2013-05-19T16:19:05+09:00
121,v0.4.5,2013-05-19T18:38:34+09:00,2013-05-19T16:19:05+09:00
120,v0.4.5,2013-05-19T18:38:34+09:00,2013-05-19T16:19:05+09:00
119,v0.4.5,2013-05-19T18:38:34+09:00,2013-05-19T16:19:05+09:00
123,v0.4.6,2013-05-19T22:22:32+09:00,2013-05-19T18:38:34+09:00
124,v0.4.8,2013-05-20T21:09:11+09:00,2013-05-20T07:29:13+09:00
126,v0.4.9,2013-05-22T22:06:22+09:00,2013-05-20T21:09:11+09:00
127,v0.4.10,2013-05-25T13:39:10+09:00,2013-05-22T22:06:22+09:00
129,v0.4.12,2013-05-27T11:55:45+09:00,2013-05-27T10:16:20+09:00
133,v0.4.13,2013-05-29T16:06:20+09:00,2013-05-27T11:55:45+09:00
136,v0.5.1,2013-06-06T23:50:31+09:00,2013-06-04T23:09:34+09:00
137,v0.5.2,2013-06-07T12:17:37+09:00,2013-06-06T23:50:31+09:00
138,v0.5.3,2013-06-08T00:14:24+09:00,2013-06-07T12:17:37+09:00
141,v0.5.4,2013-06-09T23:28:27+09:00,2013-06-08T00:14:24+09:00
140,v0.5.4,2013-06-09T23:28:27+09:00,2013-06-08T00:14:24+09:00
139,v0.5.4,2013-06-09T23:28:27+09:00,2013-06-08T00:14:24+09:00
142,v0.5.5,2013-06-10T11:16:10+09:00,2013-06-09T23:28:27+09:00
144,v0.5.6,2013-06-10T12:22:07+09:00,2013-06-10T11:16:10+09:00
143,v0.5.6,2013-06-10T12:22:07+09:00,2013-06-10T11:16:10+09:00
146,v0.5.7,2013-06-12T21:40:14+09:00,2013-06-10T12:22:07+09:00
147,v0.5.8,2013-06-13T00:53:00+09:00,2013-06-12T21:40:14+09:00
148,v0.6.0,2013-06-13T09:37:19+09:00,2013-06-13T00:53:00+09:00
130,v0.6.1,2013-06-13T15:44:29+09:00,2013-06-13T09:37:19+09:00
151,v0.6.2,2013-06-13T22:58:23+09:00,2013-06-13T15:44:29+09:00
152,v0.6.3,2013-06-17T13:07:14+09:00,2013-06-13T22:58:23+09:00
153,v0.6.3,2013-06-17T13:07:14+09:00,2013-06-13T22:58:23+09:00
154,v0.6.4,2013-06-18T10:29:42+09:00,2013-06-17T13:07:14+09:00
156,v0.6.5,2013-06-19T11:10:10+09:00,2013-06-18T10:29:42+09:00
157,v0.6.6,2013-06-20T12:11:04+09:00,2013-06-19T11:10:10+09:00
163,v0.6.8,2013-06-25T12:41:13+09:00,2013-06-23T22:17:10+09:00
165,v0.6.9,2013-06-25T21:12:01+09:00,2013-06-25T12:41:13+09:00
168,v0.6.11,2013-06-27T08:55:55+09:00,2013-06-26T11:51:17+09:00
169,v0.6.12,2013-06-28T11:47:14+09:00,2013-06-27T08:55:55+09:00
170,v0.6.13,2013-06-30T05:26:25+09:00,2013-06-28T11:47:14+09:00
172,v0.6.14,2013-06-30T05:50:16+09:00,2013-06-30T05:26:25+09:00
173,v0.6.15,2013-06-30T06:40:38+09:00,2013-06-30T05:50:16+09:00
188,v0.6.17,2013-07-02T15:47:41+09:00,2013-06-30T18:39:49+09:00
186,v0.6.17,2013-07-02T15:47:41+09:00,2013-06-30T18:39:49+09:00
185,v0.6.17,2013-07-02T15:47:41+09:00,2013-06-30T18:39:49+09:00
184,v0.6.17,2013-07-02T15:47:41+09:00,2013-06-30T18:39:49+09:00
183,v0.6.17,2013-07-02T15:47:41+09:00,2013-06-30T18:39:49+09:00
182,v0.6.17,2013-07-02T15:47:41+09:00,2013-06-30T18:39:49+09:00
181,v0.6.17,2013-07-02T15:47:41+09:00,2013-06-30T18:39:49+09:00
180,v0.6.17,2013-07-02T15:47:41+09:00,2013-06-30T18:39:49+09:00
179,v0.6.17,2013-07-02T15:47:41+09:00,2013-06-30T18:39:49+09:00
178,v0.6.17,2013-07-02T15:47:41+09:00,2013-06-30T18:39:49+09:00
177,v0.6.17,2013-07-02T15:47:41+09:00,2013-06-30T18:39:49+09:00
190,v0.6.18,2013-07-03T12:44:15+09:00,2013-07-02T15:47:41+09:00
189,v0.6.18,2013-07-03T12:44:15+09:00,2013-07-02T15:47:41+09:00
192,v0.6.19,2013-07-03T13:37:06+09:00,2013-07-03T12:44:15+09:00
193,v0.6.20,2013-07-03T15:29:18+09:00,2013-07-03T13:37:06+09:00
198,v0.6.21,2013-07-04T19:20:13+09:00,2013-07-03T15:29:18+09:00
197,v0.6.21,2013-07-04T19:20:13+09:00,2013-07-03T15:29:18+09:00
195,v0.6.21,2013-07-04T19:20:13+09:00,2013-07-03T15:29:18+09:00
194,v0.6.21,2013-07-04T19:20:13+09:00,2013-07-03T15:29:18+09:00
200,v0.6.22,2013-07-05T10:48:28+09:00,2013-07-04T19:20:13+09:00
202,v0.6.22,2013-07-05T10:48:28+09:00,2013-07-04T19:20:13+09:00
201,v0.6.22,2013-07-05T10:48:28+09:00,2013-07-04T19:20:13+09:00
203,v0.6.23,2013-07-05T22:21:53+09:00,2013-07-05T10:48:28+09:00
204,v0.6.23,2013-07-05T22:21:53+09:00,2013-07-05T10:48:28+09:00
206,v0.6.24,2013-07-05T23:38:05+09:00,2013-07-05T22:21:53+09:00
205,v0.6.24,2013-07-05T23:38:05+09:00,2013-07-05T22:21:53+09:00
207,v0.6.25,2013-07-07T01:03:56+09:00,2013-07-05T23:38:05+09:00
211,v0.6.26,2013-07-07T13:43:50+09:00,2013-07-07T01:03:56+09:00
210,v0.6.26,2013-07-07T13:43:50+09:00,2013-07-07T01:03:56+09:00
213,v0.6.27,2013-07-07T18:07:21+09:00,2013-07-07T13:43:50+09:00
212,v0.6.27,2013-07-07T18:07:21+09:00,2013-07-07T13:43:50+09:00
215,v0.6.28,2013-07-07T21:07:50+09:00,2013-07-07T18:07:21+09:00
214,v0.6.28,2013-07-07T21:07:50+09:00,2013-07-07T18:07:21+09:00
216,v0.6.29,2013-07-13T10:38:09+09:00,2013-07-07T21:07:50+09:00
218,v0.6.30,2013-07-14T18:51:08+09:00,2013-07-13T10:38:09+09:00
219,v0.7.0,2013-07-15T23:20:22+09:00,2013-07-14T18:51:08+09:00
222,v0.7.3,2013-08-01T00:16:07+09:00,2013-07-27T22:31:35+09:00
223,v0.7.4,2013-08-05T12:01:55+09:00,2013-08-01T00:16:07+09:00
226,v0.7.6,2013-08-07T21:30:11+09:00,2013-08-07T16:16:30+09:00
227,v0.7.7,2013-08-10T16:17:11+09:00,2013-08-07T21:30:11+09:00
228,v0.7.8,2013-08-12T11:55:16+09:00,2013-08-10T16:17:11+09:00
231,v0.7.10,2013-08-17T10:21:47+09:00,2013-08-14T15:32:03+09:00
233,v0.7.11,2013-08-30T15:17:48+09:00,2013-08-17T10:21:47+09:00
237,v0.7.12,2013-08-31T20:22:22+09:00,2013-08-30T15:17:48+09:00
240,v0.7.13,2013-09-05T22:56:51+09:00,2013-08-31T20:22:22+09:00
241,v0.8.0,2013-09-13T12:15:16+09:00,2013-09-05T22:56:51+09:00
244,v0.9.0,2013-09-24T12:03:24+09:00,2013-09-13T12:43:23+09:00
243,v0.9.0,2013-09-24T12:03:24+09:00,2013-09-13T12:43:23+09:00
247,v0.9.4,2013-09-24T13:49:22+09:00,2013-09-24T13:20:41+09:00
256,v0.9.5,2013-09-25T10:56:40+09:00,2013-09-24T13:49:22+09:00
255,v0.9.5,2013-09-25T10:56:40+09:00,2013-09-24T13:49:22+09:00
254,v0.9.5,2013-09-25T10:56:40+09:00,2013-09-24T13:49:22+09:00
250,v0.9.5,2013-09-25T10:56:40+09:00,2013-09-24T13:49:22+09:00
251,v0.9.5,2013-09-25T10:56:40+09:00,2013-09-24T13:49:22+09:00
252,v0.9.5,2013-09-25T10:56:40+09:00,2013-09-24T13:49:22+09:00
253,v0.9.5,2013-09-25T10:56:40+09:00,2013-09-24T13:49:22+09:00
249,v0.9.5,2013-09-25T10:56:40+09:00,2013-09-24T13:49:22+09:00
248,v0.9.5,2013-09-25T10:56:40+09:00,2013-09-24T13:49:22+09:00
258,v0.9.6,2013-09-25T11:47:04+09:00,2013-09-25T10:56:40+09:00
261,v0.9.7,2013-10-03T12:00:52+09:00,2013-09-25T11:47:04+09:00
260,v0.9.7,2013-10-03T12:00:52+09:00,2013-09-25T11:47:04+09:00
259,v0.9.7,2013-10-03T12:00:52+09:00,2013-09-25T11:47:04+09:00
257,v0.9.7,2013-10-03T12:00:52+09:00,2013-09-25T11:47:04+09:00
257,v0.9.7,2013-10-03T12:00:52+09:00,2013-09-25T11:47:04+09:00
262,v0.9.8,2013-10-08T14:51:07+09:00,2013-10-03T12:00:52+09:00
266,v0.10.0,2013-10-10T14:00:32+09:00,2013-10-08T14:51:07+09:00
272,v0.10.1,2013-10-12T22:09:21+09:00,2013-10-10T14:00:32+09:00
271,v0.10.1,2013-10-12T22:09:21+09:00,2013-10-10T14:00:32+09:00
270,v0.10.1,2013-10-12T22:09:21+09:00,2013-10-10T14:00:32+09:00
273,v0.10.2,2013-10-14T00:21:25+09:00,2013-10-12T22:09:21+09:00
274,v0.10.3,2013-10-14T00:33:57+09:00,2013-10-14T00:21:25+09:00
275,v0.10.4,2013-10-14T16:54:09+09:00,2013-10-14T00:33:57+09:00
279,v0.10.5,2013-10-16T00:29:17+09:00,2013-10-14T16:54:09+09:00
278,v0.10.5,2013-10-16T00:29:17+09:00,2013-10-14T16:54:09+09:00
280,v0.10.6,2013-10-17T08:44:35+09:00,2013-10-16T00:29:17+09:00
282,v0.10.7,2013-10-17T23:06:04+09:00,2013-10-17T08:44:35+09:00
281,v0.10.8,2013-10-18T03:15:44+09:00,2013-10-17T23:06:04+09:00
283,v0.10.8,2013-10-18T03:15:44+09:00,2013-10-17T23:06:04+09:00
284,v0.10.9,2013-10-18T22:12:16+09:00,2013-10-18T03:15:44+09:00
285,v0.10.10,2013-10-24T11:50:28+09:00,2013-10-18T22:12:16+09:00
288,v0.10.12,2013-10-30T14:52:40+09:00,2013-10-26T20:10:02+09:00
290,v0.10.13,2013-10-31T11:36:08+09:00,2013-10-30T14:52:40+09:00
293,v0.11.0,2013-11-13T13:01:05+09:00,2013-10-31T11:36:08+09:00
294,v0.11.1,2013-11-13T16:18:05+09:00,2013-11-13T13:01:05+09:00
295,v0.11.2,2013-11-14T18:15:38+09:00,2013-11-13T16:18:05+09:00
298,v0.11.4,2013-11-18T16:13:29+09:00,2013-11-14T18:43:40+09:00
297,v0.11.4,2013-11-18T16:13:29+09:00,2013-11-14T18:43:40+09:00
300,v0.11.5,2013-11-27T09:36:40+09:00,2013-11-18T16:13:29+09:00
301,v0.12.0,2013-11-30T18:25:02+09:00,2013-11-27T09:36:40+09:00
302,v0.13.0,2013-12-04T00:18:56+09:00,2013-11-30T18:25:02+09:00
303,v0.13.1,2013-12-04T02:15:42+09:00,2013-12-04T00:18:56+09:00
304,v0.13.2,2013-12-04T18:56:41+09:00,2013-12-04T02:15:42+09:00
308,v0.13.3,2013-12-11T21:38:51+09:00,2013-12-04T18:56:41+09:00
307,v0.13.3,2013-12-11T21:38:51+09:00,2013-12-04T18:56:41+09:00
306,v0.13.3,2013-12-11T21:38:51+09:00,2013-12-04T18:56:41+09:00
311,v0.13.4,2013-12-17T00:23:43+09:00,2013-12-11T21:38:51+09:00
310,v0.13.4,2013-12-17T00:23:43+09:00,2013-12-11T21:38:51+09:00
315,v0.13.5,2013-12-17T13:50:43+09:00,2013-12-17T00:23:43+09:00
312,v0.13.5,2013-12-17T13:50:43+09:00,2013-12-17T00:23:43+09:00
316,v0.13.6,2013-12-18T23:13:37+09:00,2013-12-17T13:50:43+09:00
318,v0.13.7,2013-12-19T07:49:32+09:00,2013-12-18T23:13:37+09:00
317,v0.13.7,2013-12-19T07:49:32+09:00,2013-12-18T23:13:37+09:00
323,v0.14.0,2013-12-24T18:28:56+09:00,2013-12-19T07:49:32+09:00
322,v0.14.0,2013-12-24T18:28:56+09:00,2013-12-19T07:49:32+09:00
321,v0.14.0,2013-12-24T18:28:56+09:00,2013-12-19T07:49:32+09:00
325,v0.14.2,2013-12-28T10:20:22+09:00,2013-12-24T18:32:22+09:00
330,v0.14.3,2014-01-12T01:01:54+09:00,2013-12-28T10:20:22+09:00
326,v0.14.3,2014-01-12T01:01:54+09:00,2013-12-28T10:20:22+09:00
334,v0.14.4,2014-01-22T14:58:15+09:00,2014-01-12T01:01:54+09:00
331,v0.14.4,2014-01-22T14:58:15+09:00,2014-01-12T01:01:54+09:00
338,v0.15.0,2014-01-28T12:57:49+09:00,2014-01-22T14:58:15+09:00
340,v0.15.1,2014-02-03T15:09:09+09:00,2014-01-28T12:57:49+09:00
339,v0.15.1,2014-02-03T15:09:09+09:00,2014-01-28T12:57:49+09:00
343,v0.15.2,2014-02-06T00:41:20+09:00,2014-02-03T15:09:09+09:00
344,v0.15.2,2014-02-06T00:41:20+09:00,2014-02-03T15:09:09+09:00
349,v0.15.3,2014-02-16T16:15:31+09:00,2014-02-06T00:41:20+09:00
347,v0.15.3,2014-02-16T16:15:31+09:00,2014-02-06T00:41:20+09:00
365,v0.15.4,2014-03-08T16:25:45+09:00,2014-02-16T16:15:31+09:00
364,v0.15.4,2014-03-08T16:25:45+09:00,2014-02-16T16:15:31+09:00
363,v0.15.4,2014-03-08T16:25:45+09:00,2014-02-16T16:15:31+09:00
362,v0.15.4,2014-03-08T16:25:45+09:00,2014-02-16T16:15:31+09:00
360,v0.15.4,2014-03-08T16:25:45+09:00,2014-02-16T16:15:31+09:00
359,v0.15.4,2014-03-08T16:25:45+09:00,2014-02-16T16:15:31+09:00
358,v0.15.4,2014-03-08T16:25:45+09:00,2014-02-16T16:15:31+09:00
351,v0.15.4,2014-03-08T16:25:45+09:00,2014-02-16T16:15:31+09:00
370,v0.15.5,2014-03-17T16:39:00+09:00,2014-03-08T16:25:45+09:00
368,v0.15.5,2014-03-17T16:39:00+09:00,2014-03-08T16:25:45+09:00
375,v0.16.0,2014-03-26T23:45:03+09:00,2014-03-17T16:39:00+09:00
376,v1.0.0,2014-03-28T00:37:58+09:00,2014-03-26T23:45:03+09:00
381,v1.1.0,2014-04-04T21:56:46+09:00,2014-03-28T00:37:58+09:00
380,v1.1.0,2014-04-04T21:56:46+09:00,2014-03-28T00:37:58+09:00
377,v1.1.0,2014-04-04T21:56:46+09:00,2014-03-28T00:37:58+09:00
386,v1.2.0,2014-04-12T22:34:21+09:00,2014-04-04T21:56:46+09:00
385,v1.2.0,2014-04-12T22:34:21+09:00,2014-04-04T21:56:46+09:00
383,v1.2.0,2014-04-12T22:34:21+09:00,2014-04-04T21:56:46+09:00
387,v1.3.0,2014-04-15T00:46:45-07:00,2014-04-12T22:34:21+09:00
389,v1.4.0,2014-04-24T20:43:16+09:00,2014-04-15T00:46:45-07:00
396,v1.4.1,2014-05-04T13:46:20+09:00,2014-04-24T20:43:16+09:00
400,v2.0.0.beta2,2014-05-06T23:50:34+09:00,2014-05-06T20:08:19+09:00
402,v1.5.0,2014-05-07T20:42:49+09:00,2014-05-06T23:50:34+09:00
372,v1.5.0,2014-05-07T20:42:49+09:00,2014-05-06T23:50:34+09:00
401,v1.5.0,2014-05-07T20:42:49+09:00,2014-05-06T23:50:34+09:00
403,v1.6.0,2014-05-07T22:40:38+09:00,2014-05-07T20:42:49+09:00
400,v2.0.0.beta3,2014-05-11T00:14:51+09:00,2014-05-07T22:40:38+09:00
407,v1.7.0,2014-05-21T23:13:01+09:00,2014-05-11T00:14:51+09:00
406,v1.7.0,2014-05-21T23:13:01+09:00,2014-05-11T00:14:51+09:00
406,v1.7.0,2014-05-21T23:13:01+09:00,2014-05-11T00:14:51+09:00
416,v2.0.0.beta5,2014-06-05T23:01:46+09:00,2014-05-25T12:43:20+09:00
419,v1.7.1,2014-06-07T11:42:26+09:00,2014-06-05T23:01:46+09:00
407,v1.7.1,2014-06-07T11:42:26+09:00,2014-06-05T23:01:46+09:00
406,v1.7.1,2014-06-07T11:42:26+09:00,2014-06-05T23:01:46+09:00
406,v1.7.1,2014-06-07T11:42:26+09:00,2014-06-05T23:01:46+09:00
423,v2.0.0.beta6,2014-06-08T02:23:20+09:00,2014-06-07T11:42:26+09:00
421,v2.0.0.beta6,2014-06-08T02:23:20+09:00,2014-06-07T11:42:26+09:00
416,v2.0.0.beta6,2014-06-08T02:23:20+09:00,2014-06-07T11:42:26+09:00
426,v1.8.0,2014-06-10T23:20:42+09:00,2014-06-08T02:23:20+09:00
425,v1.8.0,2014-06-10T23:20:42+09:00,2014-06-08T02:23:20+09:00
424,v1.8.0,2014-06-10T23:20:42+09:00,2014-06-08T02:23:20+09:00
420,v1.8.0,2014-06-10T23:20:42+09:00,2014-06-08T02:23:20+09:00
419,v1.8.0,2014-06-10T23:20:42+09:00,2014-06-08T02:23:20+09:00
407,v1.8.0,2014-06-10T23:20:42+09:00,2014-06-08T02:23:20+09:00
406,v1.8.0,2014-06-10T23:20:42+09:00,2014-06-08T02:23:20+09:00
406,v1.8.0,2014-06-10T23:20:42+09:00,2014-06-08T02:23:20+09:00
429,v1.9.0,2014-06-11T22:59:06+09:00,2014-06-10T23:20:42+09:00
427,v1.9.0,2014-06-11T22:59:06+09:00,2014-06-10T23:20:42+09:00
428,v1.9.0,2014-06-11T22:59:06+09:00,2014-06-10T23:20:42+09:00
435,v1.9.1,2014-06-30T23:45:36+09:00,2014-06-11T22:59:06+09:00
433,v1.9.1,2014-06-30T23:45:36+09:00,2014-06-11T22:59:06+09:00
423,v2.0.0.beta7,2014-07-05T09:57:05+09:00,2014-06-30T23:45:36+09:00
421,v2.0.0.beta7,2014-07-05T09:57:05+09:00,2014-06-30T23:45:36+09:00
416,v2.0.0.beta7,2014-07-05T09:57:05+09:00,2014-06-30T23:45:36+09:00
436,v2.0.0.beta8,2014-07-05T16:21:26+09:00,2014-07-05T09:57:05+09:00
439,v1.10.0,2014-07-09T22:51:16+09:00,2014-07-05T16:21:26+09:00
440,v1.10.0,2014-07-09T22:51:16+09:00,2014-07-05T16:21:26+09:00
435,v1.10.0,2014-07-09T22:51:16+09:00,2014-07-05T16:21:26+09:00
433,v1.10.0,2014-07-09T22:51:16+09:00,2014-07-05T16:21:26+09:00
429,v1.10.0,2014-07-09T22:51:16+09:00,2014-07-05T16:21:26+09:00
427,v1.10.0,2014-07-09T22:51:16+09:00,2014-07-05T16:21:26+09:00
428,v1.10.0,2014-07-09T22:51:16+09:00,2014-07-05T16:21:26+09:00
426,v1.10.0,2014-07-09T22:51:16+09:00,2014-07-05T16:21:26+09:00
425,v1.10.0,2014-07-09T22:51:16+09:00,2014-07-05T16:21:26+09:00
424,v1.10.0,2014-07-09T22:51:16+09:00,2014-07-05T16:21:26+09:00
420,v1.10.0,2014-07-09T22:51:16+09:00,2014-07-05T16:21:26+09:00
419,v1.10.0,2014-07-09T22:51:16+09:00,2014-07-05T16:21:26+09:00
407,v1.10.0,2014-07-09T22:51:16+09:00,2014-07-05T16:21:26+09:00
406,v1.10.0,2014-07-09T22:51:16+09:00,2014-07-05T16:21:26+09:00
406,v1.10.0,2014-07-09T22:51:16+09:00,2014-07-05T16:21:26+09:00
441,v2.0.0.beta9,2014-07-22T23:36:11+09:00,2014-07-09T22:51:16+09:00
436,v2.0.0.beta9,2014-07-22T23:36:11+09:00,2014-07-09T22:51:16+09:00
423,v2.0.0.beta9,2014-07-22T23:36:11+09:00,2014-07-09T22:51:16+09:00
421,v2.0.0.beta9,2014-07-22T23:36:11+09:00,2014-07-09T22:51:16+09:00
416,v2.0.0.beta9,2014-07-22T23:36:11+09:00,2014-07-09T22:51:16+09:00
443,v1.11.0,2014-07-24T10:22:38+09:00,2014-07-23T22:32:07+09:00
439,v1.11.0,2014-07-24T10:22:38+09:00,2014-07-23T22:32:07+09:00
440,v1.11.0,2014-07-24T10:22:38+09:00,2014-07-23T22:32:07+09:00
435,v1.11.0,2014-07-24T10:22:38+09:00,2014-07-23T22:32:07+09:00
433,v1.11.0,2014-07-24T10:22:38+09:00,2014-07-23T22:32:07+09:00
429,v1.11.0,2014-07-24T10:22:38+09:00,2014-07-23T22:32:07+09:00
427,v1.11.0,2014-07-24T10:22:38+09:00,2014-07-23T22:32:07+09:00
428,v1.11.0,2014-07-24T10:22:38+09:00,2014-07-23T22:32:07+09:00
426,v1.11.0,2014-07-24T10:22:38+09:00,2014-07-23T22:32:07+09:00
425,v1.11.0,2014-07-24T10:22:38+09:00,2014-07-23T22:32:07+09:00
424,v1.11.0,2014-07-24T10:22:38+09:00,2014-07-23T22:32:07+09:00
420,v1.11.0,2014-07-24T10:22:38+09:00,2014-07-23T22:32:07+09:00
419,v1.11.0,2014-07-24T10:22:38+09:00,2014-07-23T22:32:07+09:00
407,v1.11.0,2014-07-24T10:22:38+09:00,2014-07-23T22:32:07+09:00
406,v1.11.0,2014-07-24T10:22:38+09:00,2014-07-23T22:32:07+09:00
406,v1.11.0,2014-07-24T10:22:38+09:00,2014-07-23T22:32:07+09:00
447,v2.0.0.beta11,2014-07-26T18:44:16+09:00,2014-07-24T10:22:38+09:00
446,v2.0.0.beta11,2014-07-26T18:44:16+09:00,2014-07-24T10:22:38+09:00
441,v2.0.0.beta11,2014-07-26T18:44:16+09:00,2014-07-24T10:22:38+09:00
436,v2.0.0.beta11,2014-07-26T18:44:16+09:00,2014-07-24T10:22:38+09:00
423,v2.0.0.beta11,2014-07-26T18:44:16+09:00,2014-07-24T10:22:38+09:00
421,v2.0.0.beta11,2014-07-26T18:44:16+09:00,2014-07-24T10:22:38+09:00
416,v2.0.0.beta11,2014-07-26T18:44:16+09:00,2014-07-24T10:22:38+09:00
448,v2.0.0.beta13,2014-07-29T22:51:06+09:00,2014-07-26T22:01:14+09:00
449,v2.0.0.beta14,2014-07-30T13:13:02+09:00,2014-07-29T22:51:06+09:00
452,v2.0.0.beta15,2014-08-02T20:36:56+09:00,2014-07-30T13:13:02+09:00
453,v2.0.0.beta16,2014-08-03T02:36:22+09:00,2014-08-02T20:36:56+09:00
456,v1.12.0,2014-08-06T10:25:10+09:00,2014-08-03T02:36:22+09:00
454,v1.12.0,2014-08-06T10:25:10+09:00,2014-08-03T02:36:22+09:00
444,v1.12.0,2014-08-06T10:25:10+09:00,2014-08-03T02:36:22+09:00
443,v1.12.0,2014-08-06T10:25:10+09:00,2014-08-03T02:36:22+09:00
439,v1.12.0,2014-08-06T10:25:10+09:00,2014-08-03T02:36:22+09:00
440,v1.12.0,2014-08-06T10:25:10+09:00,2014-08-03T02:36:22+09:00
435,v1.12.0,2014-08-06T10:25:10+09:00,2014-08-03T02:36:22+09:00
433,v1.12.0,2014-08-06T10:25:10+09:00,2014-08-03T02:36:22+09:00
429,v1.12.0,2014-08-06T10:25:10+09:00,2014-08-03T02:36:22+09:00
427,v1.12.0,2014-08-06T10:25:10+09:00,2014-08-03T02:36:22+09:00
428,v1.12.0,2014-08-06T10:25:10+09:00,2014-08-03T02:36:22+09:00
426,v1.12.0,2014-08-06T10:25:10+09:00,2014-08-03T02:36:22+09:00
425,v1.12.0,2014-08-06T10:25:10+09:00,2014-08-03T02:36:22+09:00
424,v1.12.0,2014-08-06T10:25:10+09:00,2014-08-03T02:36:22+09:00
420,v1.12.0,2014-08-06T10:25:10+09:00,2014-08-03T02:36:22+09:00
419,v1.12.0,2014-08-06T10:25:10+09:00,2014-08-03T02:36:22+09:00
407,v1.12.0,2014-08-06T10:25:10+09:00,2014-08-03T02:36:22+09:00
406,v1.12.0,2014-08-06T10:25:10+09:00,2014-08-03T02:36:22+09:00
406,v1.12.0,2014-08-06T10:25:10+09:00,2014-08-03T02:36:22+09:00
457,v1.13.0,2014-08-08T10:39:14+09:00,2014-08-06T10:25:10+09:00
460,v1.14.0,2014-08-08T13:26:21+09:00,2014-08-08T10:39:14+09:00
463,v2.0.0.beta17,2014-08-10T19:01:22+09:00,2014-08-08T13:26:21+09:00
455,v2.0.0.beta17,2014-08-10T19:01:22+09:00,2014-08-08T13:26:21+09:00
453,v2.0.0.beta17,2014-08-10T19:01:22+09:00,2014-08-08T13:26:21+09:00
452,v2.0.0.beta17,2014-08-10T19:01:22+09:00,2014-08-08T13:26:21+09:00
449,v2.0.0.beta17,2014-08-10T19:01:22+09:00,2014-08-08T13:26:21+09:00
448,v2.0.0.beta17,2014-08-10T19:01:22+09:00,2014-08-08T13:26:21+09:00
447,v2.0.0.beta17,2014-08-10T19:01:22+09:00,2014-08-08T13:26:21+09:00
446,v2.0.0.beta17,2014-08-10T19:01:22+09:00,2014-08-08T13:26:21+09:00
441,v2.0.0.beta17,2014-08-10T19:01:22+09:00,2014-08-08T13:26:21+09:00
436,v2.0.0.beta17,2014-08-10T19:01:22+09:00,2014-08-08T13:26:21+09:00
423,v2.0.0.beta17,2014-08-10T19:01:22+09:00,2014-08-08T13:26:21+09:00
421,v2.0.0.beta17,2014-08-10T19:01:22+09:00,2014-08-08T13:26:21+09:00
416,v2.0.0.beta17,2014-08-10T19:01:22+09:00,2014-08-08T13:26:21+09:00
464,v2.0.0.beta18,2014-08-10T20:08:38+09:00,2014-08-10T19:01:22+09:00
465,v2.0.0.beta19,2014-08-10T20:29:57+09:00,2014-08-10T20:08:38+09:00
469,v1.15.0,2014-08-31T11:05:13+09:00,2014-08-17T16:04:17+09:00
460,v1.15.0,2014-08-31T11:05:13+09:00,2014-08-17T16:04:17+09:00
457,v1.15.0,2014-08-31T11:05:13+09:00,2014-08-17T16:04:17+09:00
456,v1.15.0,2014-08-31T11:05:13+09:00,2014-08-17T16:04:17+09:00
454,v1.15.0,2014-08-31T11:05:13+09:00,2014-08-17T16:04:17+09:00
444,v1.15.0,2014-08-31T11:05:13+09:00,2014-08-17T16:04:17+09:00
443,v1.15.0,2014-08-31T11:05:13+09:00,2014-08-17T16:04:17+09:00
439,v1.15.0,2014-08-31T11:05:13+09:00,2014-08-17T16:04:17+09:00
440,v1.15.0,2014-08-31T11:05:13+09:00,2014-08-17T16:04:17+09:00
435,v1.15.0,2014-08-31T11:05:13+09:00,2014-08-17T16:04:17+09:00
433,v1.15.0,2014-08-31T11:05:13+09:00,2014-08-17T16:04:17+09:00
429,v1.15.0,2014-08-31T11:05:13+09:00,2014-08-17T16:04:17+09:00
427,v1.15.0,2014-08-31T11:05:13+09:00,2014-08-17T16:04:17+09:00
428,v1.15.0,2014-08-31T11:05:13+09:00,2014-08-17T16:04:17+09:00
426,v1.15.0,2014-08-31T11:05:13+09:00,2014-08-17T16:04:17+09:00
425,v1.15.0,2014-08-31T11:05:13+09:00,2014-08-17T16:04:17+09:00
424,v1.15.0,2014-08-31T11:05:13+09:00,2014-08-17T16:04:17+09:00
420,v1.15.0,2014-08-31T11:05:13+09:00,2014-08-17T16:04:17+09:00
419,v1.15.0,2014-08-31T11:05:13+09:00,2014-08-17T16:04:17+09:00
407,v1.15.0,2014-08-31T11:05:13+09:00,2014-08-17T16:04:17+09:00
406,v1.15.0,2014-08-31T11:05:13+09:00,2014-08-17T16:04:17+09:00
406,v1.15.0,2014-08-31T11:05:13+09:00,2014-08-17T16:04:17+09:00
473,v1.16.0,2014-09-04T10:30:06+09:00,2014-08-31T11:05:13+09:00
472,v1.16.0,2014-09-04T10:30:06+09:00,2014-08-31T11:05:13+09:00
474,v2.0.0.beta21,2014-09-20T00:52:48+09:00,2014-09-04T10:30:06+09:00
465,v2.0.0.beta21,2014-09-20T00:52:48+09:00,2014-09-04T10:30:06+09:00
464,v2.0.0.beta21,2014-09-20T00:52:48+09:00,2014-09-04T10:30:06+09:00
463,v2.0.0.beta21,2014-09-20T00:52:48+09:00,2014-09-04T10:30:06+09:00
455,v2.0.0.beta21,2014-09-20T00:52:48+09:00,2014-09-04T10:30:06+09:00
453,v2.0.0.beta21,2014-09-20T00:52:48+09:00,2014-09-04T10:30:06+09:00
452,v2.0.0.beta21,2014-09-20T00:52:48+09:00,2014-09-04T10:30:06+09:00
449,v2.0.0.beta21,2014-09-20T00:52:48+09:00,2014-09-04T10:30:06+09:00
448,v2.0.0.beta21,2014-09-20T00:52:48+09:00,2014-09-04T10:30:06+09:00
447,v2.0.0.beta21,2014-09-20T00:52:48+09:00,2014-09-04T10:30:06+09:00
446,v2.0.0.beta21,2014-09-20T00:52:48+09:00,2014-09-04T10:30:06+09:00
441,v2.0.0.beta21,2014-09-20T00:52:48+09:00,2014-09-04T10:30:06+09:00
436,v2.0.0.beta21,2014-09-20T00:52:48+09:00,2014-09-04T10:30:06+09:00
423,v2.0.0.beta21,2014-09-20T00:52:48+09:00,2014-09-04T10:30:06+09:00
421,v2.0.0.beta21,2014-09-20T00:52:48+09:00,2014-09-04T10:30:06+09:00
416,v2.0.0.beta21,2014-09-20T00:52:48+09:00,2014-09-04T10:30:06+09:00
477,v2.0.1,2014-10-04T10:14:52+09:00,2014-10-03T18:30:06+09:00
478,v2.1.0,2014-10-05T14:45:08+09:00,2014-10-04T10:14:52+09:00
484,v2.2.0,2014-10-15T22:28:30+09:00,2014-10-05T14:45:08+09:00
483,v2.2.0,2014-10-15T22:28:30+09:00,2014-10-05T14:45:08+09:00
482,v2.3.0,2014-10-15T23:45:15+09:00,2014-10-15T22:28:30+09:00
485,v2.3.1,2014-10-16T06:42:37+09:00,2014-10-15T23:45:15+09:00
489,v2.4.0,2014-11-26T10:46:59+09:00,2014-10-16T06:42:37+09:00
487,v2.4.0,2014-11-26T10:46:59+09:00,2014-10-16T06:42:37+09:00
487,v2.4.0,2014-11-26T10:46:59+09:00,2014-10-16T06:42:37+09:00
491,v2.5.0,2014-11-27T15:21:35+09:00,2014-11-26T10:46:59+09:00
490,v2.5.0,2014-11-27T15:21:35+09:00,2014-11-26T10:46:59+09:00
492,v2.6.0,2014-12-05T13:31:23+09:00,2014-11-27T15:21:35+09:00
493,v2.7.0,2014-12-08T10:48:24+09:00,2014-12-05T13:31:23+09:00
495,v2.7.1,2014-12-11T10:10:49+09:00,2014-12-08T10:48:24+09:00
494,v2.7.1,2014-12-11T10:10:49+09:00,2014-12-08T10:48:24+09:00
500,v2.7.2,2015-01-23T16:51:09+09:00,2014-12-11T10:10:49+09:00
498,v2.7.2,2015-01-23T16:51:09+09:00,2014-12-11T10:10:49+09:00
497,v2.7.2,2015-01-23T16:51:09+09:00,2014-12-11T10:10:49+09:00
501,v2.8.0,2015-01-27T08:59:37+09:00,2015-01-23T16:51:09+09:00
502,v2.8.1,2015-02-01T09:56:54+09:00,2015-01-27T08:59:37+09:00
503,v2.8.2,2015-02-06T10:15:12+09:00,2015-02-01T09:56:54+09:00
505,v2.9.0,2015-02-24T21:51:49+09:00,2015-02-06T10:15:12+09:00
504,v2.9.0,2015-02-24T21:51:49+09:00,2015-02-06T10:15:12+09:00
506,v2.9.1,2015-02-26T12:00:11+09:00,2015-02-24T21:51:49+09:00
1,v2.9.1,2015-02-26T12:00:11+09:00,2015-02-24T21:51:49+09:00
507,v2.10.0,2015-03-06T13:34:07+09:00,2015-02-26T12:00:11+09:00
508,v2.10.1,2015-03-11T13:39:40+09:00,2015-03-06T13:34:07+09:00
509,v2.10.2,2015-03-21T12:49:07+09:00,2015-03-11T13:39:40+09:00
510,v2.11.0,2015-03-21T22:50:36+09:00,2015-03-21T12:49:07+09:00
511,v2.12.0,2015-03-23T10:40:53+09:00,2015-03-21T22:50:36+09:00
512,v2.13.0,2015-03-24T15:10:36+09:00,2015-03-23T10:40:53+09:00
513,v2.14.0,2015-03-30T10:09:56+09:00,2015-03-24T15:10:36+09:00
515,v2.14.1,2015-04-10T10:39:26+09:00,2015-03-30T10:09:56+09:00
517,v2.15.0,2015-05-06T21:58:47+09:00,2015-04-10T10:39:26+09:00
518,v2.16.0,2015-05-08T21:56:25+09:00,2015-05-06T21:58:47+09:00
519,v2.17.0,2015-05-13T07:55:49+09:00,2015-05-08T21:56:25+09:00
522,v2.17.1,2015-06-04T14:47:51+09:00,2015-05-13T07:55:49+09:00
520,v2.17.1,2015-06-04T14:47:51+09:00,2015-05-13T07:55:49+09:00
523,v2.18.0,2015-06-11T08:34:03+09:00,2015-06-04T14:47:51+09:00
524,v2.19.0,2015-06-22T18:53:41+09:00,2015-06-11T08:34:03+09:00
525,v2.20.0,2015-07-21T16:59:51+09:00,2015-06-22T18:53:41+09:00
527,v2.21.0,2015-08-08T09:59:28+09:00,2015-07-21T16:59:51+09:00
526,v2.21.0,2015-08-08T09:59:28+09:00,2015-07-21T16:59:51+09:00
528,v2.21.1,2015-08-19T15:46:50+09:00,2015-08-08T09:59:28+09:00
529,v2.22.0,2015-08-24T20:25:52+09:00,2015-08-19T15:46:50+09:00
530,v2.23.0,2015-08-29T22:13:41+09:00,2015-08-24T20:25:52+09:00
531,v2.23.1,2015-09-07T10:18:22+09:00,2015-08-29T22:13:41+09:00
534,v2.24.0,2015-09-17T22:46:22+09:00,2015-09-07T10:18:22+09:00
536,v2.24.1,2015-09-24T09:08:57+09:00,2015-09-17T22:46:22+09:00
535,v2.24.1,2015-09-24T09:08:57+09:00,2015-09-17T22:46:22+09:00
540,v2.24.2,2015-10-28T23:01:51+09:00,2015-09-24T09:08:57+09:00
538,v2.24.2,2015-10-28T23:01:51+09:00,2015-09-24T09:08:57+09:00
539,v2.24.2,2015-10-28T23:01:51+09:00,2015-09-24T09:08:57+09:00
541,v2.24.3,2015-11-13T08:36:47+09:00,2015-10-28T23:01:51+09:00
545,v2.25.0,2015-12-15T14:17:49+09:00,2015-11-13T08:36:47+09:00
547,v2.26.0,2015-12-27T20:10:49+09:00,2015-12-15T14:17:49+09:00
548,v2.26.0,2015-12-27T20:10:49+09:00,2015-12-15T14:17:49+09:00
550,v2.27.0,2015-12-29T21:17:56+09:00,2015-12-27T20:10:49+09:00
551,v2.28.0,2016-01-07T22:25:00+09:00,2015-12-29T21:17:56+09:00
544,v2.29.0,2016-01-09T23:09:40+09:00,2016-01-07T22:25:00+09:00
552,v2.29.1,2016-01-15T11:58:21+09:00,2016-01-09T23:09:40+09:00
554,v2.29.2,2016-02-09T11:48:13+09:00,2016-01-15T11:58:21+09:00
557,v2.30.0,2016-02-27T23:32:25+09:00,2016-02-09T11:48:13+09:00
556,v2.30.0,2016-02-27T23:32:25+09:00,2016-02-09T11:48:13+09:00
555,v2.30.0,2016-02-27T23:32:25+09:00,2016-02-09T11:48:13+09:00
558,v2.30.1,2016-03-07T17:30:54+09:00,2016-02-27T23:32:25+09:00
559,v2.31.0,2016-03-10T18:25:13+09:00,2016-03-07T17:30:54+09:00
560,v2.31.1,2016-04-02T17:32:01+09:00,2016-03-10T18:25:13+09:00
563,v2.32.0,2016-04-22T09:00:24+09:00,2016-04-02T17:32:01+09:00
562,v2.32.0,2016-04-22T09:00:24+09:00,2016-04-02T17:32:01+09:00
561,v2.32.0,2016-04-22T09:00:24+09:00,2016-04-02T17:32:01+09:00
565,v2.33.0,2016-04-28T14:24:34+09:00,2016-04-22T09:00:24+09:00
564,v2.33.0,2016-04-28T14:24:34+09:00,2016-04-22T09:00:24+09:00
566,v2.34.0,2016-05-06T09:28:43+09:00,2016-04-28T14:24:34+09:00
567,v2.35.0,2016-05-15T13:24:59+09:00,2016-05-06T09:28:43+09:00
568,v2.35.0,2016-05-15T13:24:59+09:00,2016-05-06T09:28:43+09:00
570,v2.36.0,2016-05-20T20:24:27+09:00,2016-05-15T13:24:59+09:00
569,v2.36.0,2016-05-20T20:24:27+09:00,2016-05-15T13:24:59+09:00
578,v2.36.1,2016-08-31T10:48:11+09:00,2016-05-20T20:24:27+09:00
575,v2.36.1,2016-08-31T10:48:11+09:00,2016-05-20T20:24:27+09:00
573,v2.36.1,2016-08-31T10:48:11+09:00,2016-05-20T20:24:27+09:00
571,v2.36.1,2016-08-31T10:48:11+09:00,2016-05-20T20:24:27+09:00
580,v2.37.0,2016-10-11T11:08:55+09:00,2016-08-31T10:48:11+09:00
577,v2.37.0,2016-10-11T11:08:55+09:00,2016-08-31T10:48:11+09:00
581,v2.37.1,2016-10-12T01:57:05+09:00,2016-10-11T11:08:55+09:00
583,v2.37.2,2016-10-14T15:02:05+09:00,2016-10-12T01:57:05+09:00
582,v2.37.2,2016-10-14T15:02:05+09:00,2016-10-12T01:57:05+09:00
586,v2.38.0,2017-01-16T18:44:03+09:00,2016-10-14T15:02:05+09:00
584,v2.38.0,2017-01-16T18:44:03+09:00,2016-10-14T15:02:05+09:00
589,v2.38.1,2017-05-10T18:17:10+09:00,2017-01-16T18:44:03+09:00
590,v2.39.0,2017-05-22T10:38:37+09:00,2017-05-10T18:17:10+09:00
591,v2.39.1,2017-05-22T15:52:52+09:00,2017-05-22T10:38:37+09:00
593,v2.39.2,2017-08-04T11:43:42+09:00,2017-05-22T15:52:52+09:00
594,v2.40.0,2017-08-10T12:23:25+09:00,2017-08-04T11:43:42+09:00
595,v2.41.0,2017-09-27T09:23:00+09:00,2017-08-10T12:23:25+09:00
596,v2.41.1,2017-10-19T13:41:12+09:00,2017-09-27T09:23:00+09:00
597,v2.41.2,2017-10-26T07:39:10+09:00,2017-10-19T13:41:12+09:00
598,v2.41.3,2017-11-07T20:41:59+09:00,2017-10-26T07:39:10+09:00
608,v2.41.4,2019-05-17T21:29:55+09:00,2017-11-07T20:41:59+09:00
607,v2.41.4,2019-05-17T21:29:55+09:00,2017-11-07T20:41:59+09:00
604,v2.41.4,2019-05-17T21:29:55+09:00,2017-11-07T20:41:59+09:00
600,v2.41.4,2019-05-17T21:29:55+09:00,2017-11-07T20:41:59+09:00
609,v2.41.5,2019-08-18T11:20:44+09:00,2019-05-17T21:29:55+09:00
614,v2.41.6,2021-06-19T03:45:07+09:00,2019-08-18T11:20:44+09:00
613,v2.41.6,2021-06-19T03:45:07+09:00,2019-08-18T11:20:44+09:00
612,v2.41.6,2021-06-19T03:45:07+09:00,2019-08-18T11:20:44+09:00
615,v2.41.7,2021-06-21T21:41:27+09:00,2021-06-19T03:45:07+09:00
616,v2.41.8,2021-06-24T20:40:39+09:00,2021-06-21T21:41:27+09:00
617,v2.42.0,2022-02-03T07:37:05+09:00,2021-06-24T20:40:39+09:00
618,v2.42.1,2022-12-29T12:12:54+09:00,2022-02-03T07:37:05+09:00
620,v2.42.2,2023-02-16T17:52:31+09:00,2022-12-29T12:12:54+09:00
619,v2.42.2,2023-02-16T17:52:31+09:00,2022-12-29T12:12:54+09:00
621,v2.42.3,2023-09-02T10:45:16+09:00,2023-02-16T17:52:31+09:00
624,v2.43.0,2025-04-25T06:56:50+09:00,2023-09-02T10:45:16+09:00
623,v2.43.0,2025-04-25T06:56:50+09:00,2023-09-02T10:45:16+09:00
