author,pull_number,title,description,churn,changed_files,activities,comments,comment_dates,state,creation_date,close_date,closed_by
ghost,998,Add PITS Global Data Recovery Services to the company list,0,1,1,2,1,2023-05-22T16:40:09+00:00,closed,2023-05-16T16:06:37+00:00,2023-05-22 16:40:09+00:00,frbayart
asmotrich,997,Develop,0,317640,12,1,0,,closed,2021-10-19T20:20:00+00:00,2021-10-19 20:22:35+00:00,asmotrich
vintop95,995,Updated Agilelab logo,34,2,1,6,1,2021-03-30T08:57:36+00:00,merged,2021-03-30T08:24:40+00:00,2021-03-30 08:57:26+00:00,frbayart
AadityaDubey,992,Update README.md,12,2,1,1,1,2020-06-02T10:00:13+00:00,closed,2020-06-02T09:53:45+00:00,2020-06-02 10:00:13+00:00,andypetrella
renovate[bot],988,Configure Renovate,12111,5,1,2,1,2021-03-31T07:19:39+00:00,closed,2019-06-27T08:31:31+00:00,2021-03-31 07:19:21+00:00,vidma
codetriage-readme-bot,987,Add CodeTriage badge to andypetrella/spark-notebook,2212,5,1,3,0,,closed,2019-06-04T17:19:38+00:00,2020-03-04 21:55:37+00:00,codetriage-readme-bot
vidma,982,Fix cell spark job status bar: new cell id on each run,335,31,2,6,0,,merged,2019-02-13T19:35:06+00:00,2019-02-13 19:36:44+00:00,vidma
vidma,980,Improve progressbar for spark 2.3,359,16,2,6,0,,merged,2019-01-19T14:24:12+00:00,2019-01-19 14:24:43+00:00,vidma
vidma,977,Add/fix job progress bar for spark 2.3+,123,50,2,6,0,,merged,2018-12-28T11:01:27+00:00,2018-12-28 11:09:09+00:00,vidma
vidma,976,Fix sparkUI link for spark 2.3+,65,8,1,4,0,,merged,2018-12-27T20:39:58+00:00,2018-12-27 20:57:36+00:00,vidma
xtordoir,975,basic kubernetes support: build docker image to run in a k8 cluster,45,63,4,9,1,2018-12-27T19:12:40+00:00,merged,2018-12-20T10:28:57+00:00,2018-12-23 21:56:52+00:00,frbayart
andypetrella,969,fix thamadafacka crazy scroll (jeez that was hard),29,276,1,11,2,2018-10-23T09:33:31+00:00;2018-10-23T11:13:07+00:00,merged,2018-10-22T21:25:28+00:00,2018-10-22 21:25:41+00:00,andypetrella
tmnd1991,966,Update Agilelab logo url,84,2,1,3,0,,merged,2018-08-20T16:34:38+00:00,2018-08-21 07:14:42+00:00,vidma
andypetrella,964,using settings for deps is apparently enough in 2.11,51,9,1,10,5,2018-06-24T10:41:13+00:00;2018-06-26T08:07:23+00:00;2018-06-26T08:53:46+00:00;2018-06-26T13:06:09+00:00;2018-06-26T13:06:49+00:00,merged,2018-06-24T09:00:34+00:00,2018-06-26 13:06:17+00:00,andypetrella
andypetrella,959,Fix/spark 2.3,194,8,3,8,4,2018-05-19T15:51:08+00:00;2018-05-21T06:20:45+00:00;2018-05-21T06:29:43+00:00;2018-05-21T06:20:31+00:00,merged,2018-05-19T15:50:08+00:00,2018-06-08 10:23:11+00:00,andypetrella
xkjyeah,958,Set max-classfile-name in compiler args. Fixes #899,200,2,1,3,1,2018-05-02T07:02:38+00:00,merged,2018-05-02T06:38:44+00:00,2018-05-02 07:03:00+00:00,vidma
xkjyeah,956,Fix formatting error in custom_chards.md,0,4,1,3,1,2018-04-04T08:15:35+00:00,merged,2018-04-04T07:38:14+00:00,2018-04-04 08:16:24+00:00,frbayart
vidma,952,Use released pac4j version,0,4,1,6,0,,merged,2018-03-23T10:37:57+00:00,2018-03-23 12:40:00+00:00,vidma
vidma,951,Fix spark 2.3.x: use PlayAkkaHttpServer and dummy SparkMonitor,213,89,4,6,0,,merged,2018-03-23T10:27:11+00:00,2018-03-23 12:36:01+00:00,vidma
vidma,948,Configurable auth session time,0,5,2,5,0,,merged,2018-03-19T16:52:40+00:00,2018-03-19 16:58:30+00:00,vidma
frbayart,946,default spark.driver.host to localhost,0,6,1,5,0,,merged,2018-02-25T20:25:09+00:00,2018-02-25 20:37:32+00:00,frbayart
frbayart,945,Some debian package fix,0,4,2,5,0,,merged,2018-02-25T17:39:11+00:00,2018-02-25 18:05:26+00:00,frbayart
DmitryBe,944,Update init.sc,76,11,1,3,1,2018-02-22T11:30:08+00:00,merged,2018-02-22T09:10:26+00:00,2018-02-22 10:06:43+00:00,frbayart
vidma,941,Add simple Delete folder btn,202,110,11,15,4,2018-02-04T10:31:37+00:00;2018-02-05T16:43:11+00:00;2018-02-06T16:10:15+00:00;2018-02-04T10:26:54+00:00,merged,2018-02-04T10:26:22+00:00,2018-02-24 13:20:40+00:00,vidma
vidma,940,Fix copy&paste in readOnly mode,319,2,1,8,0,,merged,2018-02-04T09:36:20+00:00,2018-02-04 11:43:37+00:00,frbayart
andypetrella,938,Fix notebook upload and better error messages when coursier fails to fetch deps,20,10,3,9,0,,merged,2018-01-19T02:19:49+00:00,2018-01-19 09:01:44+00:00,frbayart
donaldosalas,921,Remove redundant words in exploring_notebook.md,0,2,1,6,2,2017-11-15T07:50:52+00:00;2017-11-15T07:55:56+00:00,merged,2017-11-15T06:42:55+00:00,2017-11-15 07:50:35+00:00,frbayart
james64,919,Date parsing in c3 for TimeseriesChart works,296,128,4,6,23,2017-10-23T15:48:17+00:00;2017-10-23T19:38:56+00:00;2017-10-25T12:28:23+00:00;2017-11-07T17:08:21+00:00;2017-11-08T18:17:30+00:00;2017-10-23T05:59:41+00:00;2017-10-23T06:08:38+00:00;2017-10-23T06:12:16+00:00;2017-10-23T06:20:53+00:00;2017-10-23T06:22:20+00:00;2017-10-23T07:18:24+00:00;2017-10-23T07:21:14+00:00;2017-10-23T07:26:23+00:00;2017-10-23T07:52:57+00:00;2017-10-23T10:32:00+00:00;2017-10-23T10:50:27+00:00;2017-10-23T19:41:41+00:00;2017-10-23T19:45:30+00:00;2017-10-25T12:30:24+00:00;2017-10-25T12:36:01+00:00;2017-11-08T18:16:22+00:00;2017-11-10T06:57:07+00:00;2017-11-10T10:55:12+00:00,merged,2017-10-19T22:39:19+00:00,2017-11-13 08:30:11+00:00,vidma
markpavey,917,Added conf directory to APP_CLASSPATH in spark-notebook.bat for runni…,15,2,1,4,1,2017-12-13T08:27:55+00:00,merged,2017-10-10T14:04:05+00:00,2017-12-13 08:27:30+00:00,frbayart
james64,915,Minor sbt clean-up,450,135,5,3,17,2017-10-11T07:31:38+00:00;2017-10-11T14:09:07+00:00;2017-10-11T16:13:14+00:00;2017-10-11T18:13:22+00:00;2017-10-12T08:13:21+00:00;2017-10-13T07:32:37+00:00;2017-10-13T07:36:25+00:00;2017-10-13T17:07:21+00:00;2017-11-07T21:21:52+00:00;2017-11-08T18:09:27+00:00;2017-10-09T08:33:53+00:00;2017-10-09T08:44:35+00:00;2017-10-11T07:32:00+00:00;2017-10-12T08:20:39+00:00;2017-10-12T09:03:45+00:00;2017-10-12T11:51:38+00:00;2017-10-12T12:03:43+00:00,merged,2017-10-07T16:33:52+00:00,2017-11-08 18:09:15+00:00,vidma
jkremser,912,Removing the VOLUMES from the 'Dockerfile' (config of docker sbt plugin),809,2,1,4,2,2017-10-09T07:58:23+00:00;2017-10-09T11:50:46+00:00,merged,2017-10-02T11:51:11+00:00,2017-10-09 08:01:03+00:00,vidma
vidma,911,Fix old logos of adopters,11,8,1,4,0,,merged,2017-09-27T06:04:18+00:00,2017-09-27 06:08:22+00:00,vidma
vidma,907,Update clusters_clouds.md,0,2,1,4,0,,merged,2017-08-29T01:24:06+00:00,2017-09-27 06:07:40+00:00,vidma
andypetrella,895,the builds were broken on the website,58,6,1,6,2,2017-07-23T13:06:25+00:00;2017-07-19T13:19:48+00:00,merged,2017-07-19T10:48:08+00:00,2017-07-21 19:00:18+00:00,andypetrella
vidma,894,Format code cells as a multiline list for better diff,356,485,10,9,6,2017-07-13T10:55:22+00:00;2017-07-14T12:13:11+00:00;2017-07-14T12:21:02+00:00;2017-07-23T17:20:44+00:00;2017-07-23T17:58:10+00:00;2017-07-13T10:49:47+00:00,merged,2017-07-13T09:42:45+00:00,2017-07-25 17:50:13+00:00,vidma
vidma,892,Migrate file extension .snb -> .snb.ipynb,507,97,58,11,1,2017-07-11T20:08:03+00:00,merged,2017-07-11T15:51:57+00:00,2017-07-13 10:46:10+00:00,vidma
vidma,888,Add -Dwith.mesos=true option,186,20,3,7,3,2017-06-27T15:41:38+00:00;2017-06-27T16:00:53+00:00;2017-06-27T16:02:43+00:00,merged,2017-06-27T15:24:56+00:00,2017-06-28 08:16:10+00:00,vidma
vidma,886,Pass logged-in user to Secure YARN (via proxy-user impersonation),350,224,10,6,0,,merged,2017-06-23T13:54:36+00:00,2017-06-27 13:29:32+00:00,vidma
vidma,885,"Add auth via pac4j (single user/pass, Kerberos, and more)",1308,357,12,16,1,2017-06-22T13:48:59+00:00,merged,2017-06-22T13:33:14+00:00,2017-06-23 13:46:18+00:00,vidma
vidma,884,Cleanup: migrate specs2 -> scalatest,134,195,7,4,0,,merged,2017-06-20T15:34:01+00:00,2017-06-20 17:10:43+00:00,vidma
vidma,883,"Remove old docs of :dp, :cp, :local-repo, :remote-repo",46,10,2,6,0,,merged,2017-06-20T10:50:52+00:00,2017-06-20 11:53:20+00:00,vidma
vidma,882,Fetch customDeps with coursier in scala-2.11,685,188,8,17,11,2017-06-19T19:47:12+00:00;2017-06-20T17:31:23+00:00;2017-06-20T18:30:39+00:00;2017-06-20T18:53:18+00:00;2017-06-21T07:28:18+00:00;2017-06-21T09:09:57+00:00;2017-06-19T19:19:05+00:00;2017-06-20T07:04:42+00:00;2017-06-20T07:10:29+00:00;2017-06-20T08:20:04+00:00;2017-06-20T17:29:54+00:00,merged,2017-06-19T18:15:56+00:00,2017-06-21 10:56:52+00:00,vidma
vidma,880,Fix issues with kernel restart,0,7,1,4,1,2017-06-19T07:36:34+00:00,merged,2017-06-19T07:33:30+00:00,2017-06-19 08:03:51+00:00,vidma
vidma,878,Cleanup Exclusion definitions,25,51,1,4,0,,merged,2017-06-14T15:01:55+00:00,2017-06-16 06:16:39+00:00,vidma
vidma,877,Upgrade play to v2.5,449,227,11,13,2,2017-06-14T15:02:05+00:00;2017-06-17T15:43:39+00:00,merged,2017-06-14T15:00:35+00:00,2017-06-22 12:13:46+00:00,vidma
drewnoff,876,Viz improvements,328,350,5,6,3,2017-06-09T10:08:16+00:00;2017-06-09T10:32:46+00:00;2017-06-09T10:44:07+00:00,merged,2017-06-09T07:45:23+00:00,2017-06-09 12:37:05+00:00,drewnoff
vidma,873,Speedup builds: Use coursier,412,31,6,8,0,,merged,2017-06-07T13:22:29+00:00,2017-06-14 14:55:48+00:00,vidma
vidma,872,"UI: cell display improvements, fix old mathjax",435,49,8,8,0,,merged,2017-06-07T10:22:52+00:00,2017-06-07 12:13:33+00:00,vidma
vidma,871,Ignore stdout longer than 10K chars,126,12,1,8,1,2017-06-07T10:20:22+00:00,merged,2017-06-07T10:19:48+00:00,2017-06-07 12:13:54+00:00,vidma
vidma,870,"Fix scala 2.11 failing with ""iwiwiwiwiw....""",1892,37,1,4,0,,merged,2017-06-07T10:15:11+00:00,2017-06-07 14:22:47+00:00,vidma
vidma,869,Fix default scalaVersion to 2.10.6,208,5,1,4,0,,merged,2017-06-01T08:33:52+00:00,2017-06-02 11:33:01+00:00,vidma
vidma,865,CircleCI: Fix sbt mem usage,818,4,1,4,0,,merged,2017-05-22T13:15:48+00:00,2017-05-22 13:21:31+00:00,vidma
vidma,864,Open-source sbt-project-generator,1229,3082,41,6,3,2017-05-22T21:33:32+00:00;2017-05-23T04:31:10+00:00;2017-05-23T06:52:13+00:00,merged,2017-05-22T12:01:48+00:00,2017-05-23 04:26:22+00:00,vidma
vidma,862,"Optimize circleci builds, exclude jboss.netty",42,44,5,14,3,2017-05-22T11:53:58+00:00;2017-05-22T11:54:10+00:00;2017-05-22T11:54:25+00:00,merged,2017-05-22T08:52:27+00:00,2017-05-22 11:54:55+00:00,vidma
vidma,861,Add CircleCI config (instead of Travis),0,19,1,4,0,,merged,2017-05-22T07:37:56+00:00,2017-05-22 08:28:22+00:00,vidma
andypetrella,860,test,37,4,2,2,0,,closed,2017-05-21T23:20:08+00:00,2017-05-22 09:31:28+00:00,andypetrella
andypetrella,859,remove travis configuration,22,31,1,4,0,,merged,2017-05-21T22:59:50+00:00,2017-05-21 23:00:01+00:00,andypetrella
vidma,857,WIP: Open-source `SBT project generation from a notebook`,1055,3160,51,13,2,2017-05-21T13:44:34+00:00;2017-05-21T18:43:06+00:00,merged,2017-05-17T18:18:43+00:00,2017-05-21 22:32:16+00:00,andypetrella
vidma,852,Notebook listing: inline action buttons,569,37,3,7,0,,merged,2017-05-04T10:21:03+00:00,2017-05-05 09:12:58+00:00,vidma
vidma,851,Fix save-notebook menu items,200,31,3,5,1,2017-05-04T09:41:02+00:00,merged,2017-05-04T09:40:37+00:00,2017-05-04 09:41:40+00:00,vidma
vidma,850,Remove duplicated notebooksDir logic,245,8,1,6,0,,merged,2017-05-04T09:03:31+00:00,2017-05-10 12:10:57+00:00,vidma
vidma,849,Use a clean absolute notebooks.dir path,214,32,2,6,0,,merged,2017-05-04T08:59:29+00:00,2017-05-04 09:16:23+00:00,vidma
vidma,848,Improve docs on clouds configuration,92,83,2,5,0,,merged,2017-05-03T10:32:18+00:00,2017-05-03 10:38:03+00:00,vidma
quertenmont,841,Button on left side,52,11,2,1,2,2017-04-18T11:32:49+00:00;2017-04-20T09:51:43+00:00,closed,2017-04-18T11:31:11+00:00,2017-05-04 10:16:03+00:00,vidma
quertenmont,840,alternating the row color on the dashboard,201,7,1,7,1,2017-04-20T09:52:59+00:00,merged,2017-04-18T10:59:57+00:00,2017-04-20 09:54:22+00:00,vidma
seglo,837,Fix default impl. of NotebookProvider.list to properly relatavize root path,3709,3,1,3,1,2017-04-07T07:53:56+00:00,merged,2017-04-06T19:09:09+00:00,2017-04-14 06:40:01+00:00,andypetrella
vidma,835,Fix display of Dates/Timestamps in widgets and cell-run-duration,408,113,4,6,1,2017-03-29T13:34:47+00:00,merged,2017-03-29T12:33:32+00:00,2017-03-29 16:43:30+00:00,vidma
vidma,834,Use JDK8 in Travis,166,5,1,6,0,,merged,2017-03-28T20:51:23+00:00,2017-03-29 06:30:25+00:00,vidma
vidma,833,Fix tests for Notebook versioning,193,5,2,7,0,,merged,2017-03-28T20:07:15+00:00,2017-03-28 20:30:59+00:00,andypetrella
frbayart,832,Update README.md,73,2,1,9,0,,merged,2017-03-27T06:48:43+00:00,2017-03-27 07:01:05+00:00,frbayart
vidma,830,Opensource Notebook versioning based on Git,2333,2843,53,14,8,2017-03-27T16:45:00+00:00;2017-03-23T14:18:54+00:00;2017-03-27T11:16:07+00:00;2017-03-27T11:21:40+00:00;2017-03-27T11:26:08+00:00;2017-03-27T11:47:44+00:00;2017-03-27T15:58:47+00:00,merged,2017-03-23T13:58:37+00:00,2017-03-28 17:37:59+00:00,andypetrella
vidma,827,Fix cell context sub-menu visibility,183,134,4,4,0,,merged,2017-02-27T17:48:38+00:00,2017-02-28 09:21:11+00:00,vidma
vidma,821,Add cell context menu; strip toolbar ,709,222,8,15,1,2017-02-21T17:29:59+00:00,merged,2017-02-21T17:00:41+00:00,2017-02-22 08:38:37+00:00,vidma
vidma,820,Better sidebar and sticky menu,465,196,9,8,0,,merged,2017-02-21T11:04:53+00:00,2017-02-21 17:19:18+00:00,vidma
dportabella,818,fixed Spark Example notebook: RDD -> Dataset,0,4,1,4,0,,merged,2017-02-17T16:02:06+00:00,2017-02-22 09:46:16+00:00,vidma
frbayart,817,add java7-runtime-headless as possible dependency,142,2,1,7,2,2017-02-12T21:51:22+00:00;2017-02-12T21:52:16+00:00,merged,2017-02-12T21:38:20+00:00,2017-02-22 09:51:00+00:00,vidma
vidma,815,Keep term definitions while repl alive,288,80,6,7,0,,merged,2017-02-10T17:01:55+00:00,2017-02-10 17:32:53+00:00,vidma
vidma,814,Minimalistic Notebook cell styling,417,23,1,10,1,2017-02-09T09:19:30+00:00,merged,2017-02-09T08:46:48+00:00,2017-02-09 11:47:58+00:00,vidma
vidma,813,"Fix ""edit notebook metadata"" formatting",327,3,1,5,0,,merged,2017-02-08T17:08:31+00:00,2017-02-08 17:10:04+00:00,vidma
vidma,812,Make cells not-editable in read_only/viewer modes,1544,51,7,12,1,2017-02-08T12:48:52+00:00,merged,2017-02-08T10:22:39+00:00,2017-02-08 13:32:36+00:00,vidma
frbayart,811,fix jdk1.8 ot use backport,99,2,1,5,1,2017-02-07T17:02:18+00:00,merged,2017-02-07T17:00:36+00:00,2017-02-08 09:41:30+00:00,vidma
antonkulaga,810,ADAM configuration,181,38,1,4,0,,merged,2017-02-02T19:13:29+00:00,2017-02-22 09:52:13+00:00,vidma
wwenbow,805,add horizontal scroll bar for output,186,1,1,3,1,2017-01-31T09:59:44+00:00,merged,2017-01-31T06:27:22+00:00,2017-01-31 10:00:00+00:00,andypetrella
andypetrella,804,Features/viewer mode,366,235,14,26,13,2017-01-30T12:40:15+00:00;2017-01-30T13:56:50+00:00;2017-01-30T16:02:29+00:00;2017-01-31T12:23:45+00:00;2017-01-31T13:12:50+00:00;2017-01-31T13:15:05+00:00;2017-01-31T13:21:14+00:00;2017-01-31T13:24:52+00:00;2017-01-30T12:30:46+00:00;2017-01-30T12:31:24+00:00;2017-01-30T12:35:02+00:00;2017-01-30T12:40:42+00:00;2017-01-31T10:40:55+00:00,merged,2017-01-30T11:34:40+00:00,2017-01-31 15:47:04+00:00,vidma
antonkulaga,799,"speedup build (sbt-coursier, sbt-updates) & minor lib updates ",89,45,5,10,11,2017-01-30T12:59:07+00:00;2017-01-31T16:54:54+00:00;2017-02-01T12:47:17+00:00;2017-02-07T12:56:24+00:00;2017-02-28T10:02:56+00:00;2017-01-27T10:03:03+00:00;2017-01-27T10:07:02+00:00;2017-01-27T22:27:05+00:00;2017-01-27T22:43:02+00:00;2017-01-28T11:17:43+00:00;2017-01-30T12:58:40+00:00,merged,2017-01-26T20:03:13+00:00,2017-01-31 16:55:59+00:00,vidma
vidma,798,Fix autocompletions for scala 2.11,565,24,1,15,6,2017-01-25T22:59:02+00:00;2017-01-25T23:01:26+00:00;2017-01-26T07:53:49+00:00;2017-01-26T12:31:07+00:00;2017-01-26T12:59:09+00:00;2017-01-26T13:00:38+00:00,merged,2017-01-25T22:54:12+00:00,2017-01-25 23:04:06+00:00,andypetrella
vidma,796,Simplify SN module jar versioning (2.0),474,21,2,6,0,,merged,2017-01-22T13:11:46+00:00,2017-01-22 13:28:16+00:00,vidma
vidma,795,pick refactorings from 1.6branch into master,7,185,13,7,0,,merged,2017-01-22T13:02:03+00:00,2017-01-22 13:10:57+00:00,vidma
vidma,794,"Cleanup 1.6: Drop spark 1.4, and a few unused files",36,1548,22,6,0,,merged,2017-01-22T11:46:13+00:00,2017-01-22 12:00:13+00:00,vidma
vidma,793,1.6 branch: Cherry-pick refactorings from master,96,12,8,10,0,,merged,2017-01-22T09:55:02+00:00,2017-01-22 12:30:51+00:00,vidma
vidma,792,Cleanup Markdown.scala,10,47,1,6,0,,merged,2017-01-21T16:48:25+00:00,2017-01-21 17:04:15+00:00,vidma
vidma,791,Simplify SN module jar versioning,1572,21,2,8,3,2017-01-20T16:56:51+00:00;2017-01-20T17:05:41+00:00;2017-01-20T18:10:17+00:00,merged,2017-01-20T16:54:55+00:00,2017-01-21 15:58:12+00:00,vidma
vidma,788,Refactor reflector and add test [2.x],5,94,4,4,0,,merged,2017-01-20T12:15:21+00:00,2017-01-20 15:55:45+00:00,vidma
vidma,787,Refactor Reflector and add unit tests,149,94,4,8,0,,merged,2017-01-20T11:46:29+00:00,2017-01-20 12:09:20+00:00,vidma
vidma,786,Configurable module builds (<= 1.6),116,41,2,7,0,,merged,2017-01-19T21:56:46+00:00,2017-01-20 16:27:13+00:00,vidma
vidma,785,Some refactoring and cleanup [<=1.6],7,75,9,6,0,,merged,2017-01-19T21:52:03+00:00,2017-01-20 11:15:37+00:00,vidma
gdemelo,784,Update README.md,21,2,1,3,0,,merged,2017-01-19T01:09:40+00:00,2017-01-19 06:25:57+00:00,vidma
gdemelo,783,Update exploring_notebook.md,14,2,1,3,0,,merged,2017-01-19T01:09:12+00:00,2017-01-19 06:29:23+00:00,vidma
vidma,778,"Minor refactorings, disable flunky tests",10,34,7,6,0,,merged,2017-01-17T10:37:16+00:00,2017-01-18 16:14:12+00:00,vidma
vidma,774,Remove not used code from ReplCalculator (for #770),0,39,2,4,0,,merged,2017-01-11T10:08:39+00:00,2017-01-19 21:55:08+00:00,vidma
vidma,773,"Move sbt-dependency-manager to sub-project, add tests (spark 2)",52,387,12,6,0,,merged,2017-01-10T16:02:52+00:00,2017-01-10 16:12:35+00:00,vidma
vidma,772,"Extract sbt-dependency-mngr sub-project, add tests",0,387,12,9,1,2017-01-10T15:40:43+00:00,merged,2017-01-10T08:30:47+00:00,2017-01-10 16:13:20+00:00,vidma
vidma,771,Extract command interpreters; Cleanup,847,808,6,15,0,,merged,2017-01-09T17:11:23+00:00,2017-01-09 19:24:23+00:00,vidma
vidma,770,"Extract cmd interpreters; Drop :dp, :cp,... cmds",744,808,6,19,2,2017-01-08T16:43:28+00:00;2017-01-06T10:50:37+00:00,merged,2017-01-06T10:48:04+00:00,2017-01-09 17:02:37+00:00,vidma
vidma,769,Add execute_request.extra for extra code-cell params,24,20,5,6,1,2017-01-02T18:19:45+00:00,closed,2017-01-02T15:15:33+00:00,2017-01-25 12:15:11+00:00,vidma
vidma,765,"Minor code refactoring, not affecting functionality",87,47,10,4,0,,merged,2016-12-31T12:12:09+00:00,2016-12-31 12:34:12+00:00,vidma
vidma,764,Cleanup public/ipython/notebook/js/textcell.js,0,31,1,4,0,,merged,2016-12-29T14:34:20+00:00,2016-12-29 14:41:17+00:00,vidma
vidma,763,Cleanup AppUtils (1.6 branch),85,33,2,6,0,,merged,2016-12-29T09:25:37+00:00,2016-12-29 09:45:34+00:00,vidma
vidma,762,Cleanup AppUtils,130,33,2,7,0,,merged,2016-12-29T09:03:32+00:00,2016-12-29 09:45:42+00:00,vidma
amit,760,Update exploring_notebook.md,37,2,1,3,0,,merged,2016-12-28T00:27:50+00:00,2016-12-28 08:59:53+00:00,vidma
vidma,759,Remove  WISP for 1.6 branch (fix compilation),163,368,8,9,2,2016-12-27T18:07:24+00:00;2016-12-27T18:26:34+00:00,merged,2016-12-27T18:07:17+00:00,2016-12-27 18:26:42+00:00,vidma
vidma,758,Refactor AppUtils.proxyKeys,0,18,1,4,1,2016-12-27T17:56:50+00:00,merged,2016-12-27T16:56:20+00:00,2016-12-27 18:08:52+00:00,vidma
andypetrella,757,Remove deprecated charting libs and examples,109,100704,56,7,3,2016-12-27T17:45:40+00:00;2016-12-27T10:37:34+00:00;2016-12-27T10:39:42+00:00,merged,2016-12-26T22:28:37+00:00,2016-12-27 19:01:19+00:00,vidma
andypetrella,756,Cleaning plotting libs,347,100683,55,9,4,2016-12-25T17:37:41+00:00;2016-12-26T11:34:38+00:00;2016-12-26T12:14:42+00:00;2016-12-26T12:36:28+00:00,merged,2016-12-24T12:19:05+00:00,2016-12-26 21:48:41+00:00,andypetrella
0asa,755,Better header for download as Spark Notebook,75,1,1,4,1,2016-12-22T18:46:20+00:00,merged,2016-12-22T15:31:53+00:00,2016-12-26 21:42:13+00:00,andypetrella
0asa,754,Upgrade openjdk (7 to 8) version in Docker build,0,7,2,6,4,2017-01-15T13:59:57+00:00;2017-01-15T17:01:36+00:00;2016-12-22T21:34:25+00:00;2017-01-09T19:57:28+00:00,merged,2016-12-21T13:59:13+00:00,2017-01-15 22:59:11+00:00,andypetrella
0asa,753,Data fellas is now Kensu,0,2,1,3,0,,merged,2016-12-20T16:26:15+00:00,2016-12-20 16:29:40+00:00,andypetrella
andypetrella,752,Add SparkClosureUtil for debugging spark serialization of closures,240,93,2,12,20,2016-12-20T16:13:52+00:00;2016-12-20T16:16:58+00:00;2016-12-26T22:20:54+00:00;2016-12-20T16:08:36+00:00;2016-12-20T16:15:04+00:00;2016-12-20T16:20:55+00:00;2016-12-26T21:43:55+00:00;2016-12-27T10:23:49+00:00;2016-12-27T10:25:23+00:00;2016-12-27T10:25:44+00:00;2016-12-27T10:26:10+00:00;2016-12-27T10:33:44+00:00;2016-12-27T10:33:52+00:00;2016-12-27T21:27:50+00:00;2016-12-27T21:28:02+00:00;2016-12-27T21:35:16+00:00;2016-12-28T09:11:40+00:00;2016-12-28T09:11:47+00:00;2016-12-28T09:27:58+00:00;2017-01-08T16:41:24+00:00,merged,2016-12-20T13:02:20+00:00,2017-02-22 10:35:03+00:00,vidma
vidma,749,Don't store Plotly control buttons as output Svgs,596,16,1,9,1,2016-12-16T08:12:21+00:00,merged,2016-12-15T21:07:24+00:00,2016-12-16 08:13:02+00:00,andypetrella
huitseeker,748,"Update Skymind logo url, update typo in description",0,34,3,3,1,2016-12-14T05:56:19+00:00,merged,2016-12-13T23:19:05+00:00,2016-12-14 05:56:26+00:00,andypetrella
andypetrella,747,fix #746,61,4,2,4,3,2016-12-13T14:57:17+00:00;2016-12-13T15:05:36+00:00;2016-12-13T15:51:56+00:00,merged,2016-12-13T14:15:14+00:00,2016-12-13 14:23:50+00:00,andypetrella
vidma,745,Markdown download: fix formating and images,513,20,1,9,0,,merged,2016-12-10T20:49:43+00:00,2016-12-15 20:51:54+00:00,vidma
vidma,743,"NBSerializer: refactor, add tests",286,270,6,14,12,2016-12-14T11:29:53+00:00;2016-12-16T08:15:26+00:00;2016-12-12T10:15:05+00:00;2016-12-12T10:19:50+00:00;2016-12-12T10:21:21+00:00;2016-12-12T10:24:45+00:00;2016-12-12T10:26:00+00:00;2016-12-12T10:29:05+00:00;2016-12-12T10:46:50+00:00;2016-12-12T10:47:50+00:00;2016-12-12T10:56:11+00:00;2016-12-12T11:20:59+00:00,merged,2016-12-09T14:58:11+00:00,2016-12-16 08:15:28+00:00,andypetrella
vidma,742,Extract spark-notebook-core sub-project with NBSerializer,756,71,5,10,0,,merged,2016-12-05T19:05:37+00:00,2016-12-08 10:06:04+00:00,vidma
vidma,731,Enable Hive support automatically,304,17,1,13,5,2016-10-20T08:08:29+00:00;2016-10-31T18:55:07+00:00;2016-11-02T09:03:18+00:00;2017-10-18T23:47:16+00:00;2017-10-23T05:55:12+00:00,closed,2016-10-17T11:00:48+00:00,2016-11-22 10:20:37+00:00,vidma
vidma,729,Delete not used ProcessFork.scala,353,187,1,10,1,2016-10-12T07:37:07+00:00,merged,2016-10-12T07:29:44+00:00,2016-10-12 07:37:12+00:00,andypetrella
vidma,727,Migrate to spark 2.0,128,679,14,4,0,,merged,2016-10-10T12:12:11+00:00,2016-10-10 12:13:41+00:00,vidma
vidma,724,Fix DownloadCsv: mergeDirToSingleFile instead of filename mangling,557,28,1,8,0,,merged,2016-10-10T07:27:31+00:00,2016-10-10 08:15:21+00:00,vidma
vidma,723,Fix widgets.Flow to return only non-empty items,120,2,1,6,0,,merged,2016-10-10T06:31:33+00:00,2016-10-11 14:14:21+00:00,andypetrella
vidma,721,Migrate to Spark 2.0,529,679,14,19,11,2016-10-10T07:29:22+00:00;2016-10-10T12:07:47+00:00;2016-10-10T12:16:54+00:00;2016-10-07T08:32:00+00:00;2016-10-07T08:34:56+00:00;2016-10-10T06:08:24+00:00;2016-10-10T06:16:19+00:00;2016-10-10T06:33:02+00:00;2016-10-11T10:21:11+00:00;2016-10-11T10:21:21+00:00;2016-10-11T10:22:12+00:00,merged,2016-10-06T12:01:30+00:00,2016-10-10 12:06:42+00:00,vidma
vidma,720,Some Repl refactorings,66,22,2,11,2,2016-10-06T11:53:20+00:00;2016-10-06T11:18:34+00:00,merged,2016-10-06T11:16:53+00:00,2016-10-06 11:53:23+00:00,vidma
vidma,719,Refactor Actors,92,27,3,10,2,2016-10-06T11:19:18+00:00;2016-10-06T11:00:37+00:00,merged,2016-10-06T10:59:07+00:00,2016-10-06 11:19:09+00:00,vidma
vidma,718,Random minor refactorings,38,22,9,8,0,,merged,2016-10-06T10:18:45+00:00,2016-10-06 10:32:55+00:00,vidma
vidma,717,"Minor code refactoring, not affecting functionality",68,49,11,8,0,,merged,2016-10-06T08:37:06+00:00,2016-10-06 09:40:57+00:00,vidma
vidma,716,"Drop unused code: msg router, actors, suprocess etc",24,248,5,6,0,,merged,2016-10-06T08:23:39+00:00,2016-10-06 09:44:40+00:00,vidma
vidma,715,Remove ConsoleHelpers,38,44,2,8,0,,merged,2016-10-06T07:59:48+00:00,2016-10-06 08:00:42+00:00,vidma
vidma,714,Remove WISP charting lib,39,368,8,9,0,,merged,2016-10-06T07:31:32+00:00,2016-10-06 07:35:10+00:00,vidma
vidma,713,Remove highcharts,38,20689,5,8,0,,merged,2016-10-06T07:30:06+00:00,2016-10-06 07:35:01+00:00,vidma
vidma,712,Remove uneeded SingeVM and VMManager,40,201,2,8,0,,merged,2016-10-06T07:24:25+00:00,2016-10-06 07:28:18+00:00,vidma
vidma,711,Drop support for spark 1.5 and earlier,91,1335,20,8,1,2016-10-06T07:34:46+00:00,merged,2016-10-06T06:43:56+00:00,2016-10-06 07:34:51+00:00,vidma
vidma,710,Remove uneeded scripts and images,63,75,28,7,0,,merged,2016-10-06T06:27:04+00:00,2016-10-06 06:27:36+00:00,vidma
vidma,698,Rename dialog: focus notebook name input instead of dir,193,2,1,8,1,2016-08-31T14:58:18+00:00,merged,2016-08-30T13:16:49+00:00,2016-08-30 13:17:04+00:00,vidma
vidma,697,Disable buggy dirty cell highlighting,108,3,1,6,0,,merged,2016-08-30T11:21:41+00:00,2016-08-30 11:21:52+00:00,vidma
andypetrella,694,image generation for svg in dedicated data payload + serialized as png,207,550,7,4,0,,merged,2016-08-22T16:13:13+00:00,2016-08-22 16:13:20+00:00,andypetrella
andypetrella,693,merge markdown enhancement,207,551,7,4,0,,merged,2016-08-22T16:09:37+00:00,2016-08-22 16:09:45+00:00,andypetrella
andypetrella,689,dirty cell with only one ignore button,49,20,1,4,0,,merged,2016-08-17T19:54:22+00:00,2016-08-17 19:54:27+00:00,andypetrella
andypetrella,687,Plotly.js integration ,43,632,5,7,0,,merged,2016-08-16T19:14:52+00:00,2016-08-16 19:44:01+00:00,andypetrella
drewnoff,685,Support for Plotly.js,351,909,5,5,3,2016-08-16T10:06:17+00:00;2016-08-16T12:04:37+00:00;2016-08-16T20:42:00+00:00,closed,2016-08-15T12:06:03+00:00,2016-08-16 20:42:15+00:00,andypetrella
JonathanTaws,683,Changed default port for notebook server to 9001,625,58,14,27,9,2016-08-13T17:25:10+00:00;2016-08-16T08:11:44+00:00;2016-08-17T17:22:34+00:00;2016-08-22T18:37:59+00:00;2016-08-22T19:13:44+00:00;2016-08-31T19:06:29+00:00;2016-09-29T21:34:06+00:00;2016-10-04T13:00:56+00:00;2016-10-04T16:10:07+00:00,merged,2016-08-12T16:52:26+00:00,2016-10-04 16:10:17+00:00,andypetrella
andypetrella,679,deals with variables changing in value or cell,436,84,2,6,4,2016-08-30T11:06:08+00:00;2016-08-30T11:08:24+00:00;2016-08-30T11:21:53+00:00;2016-08-30T18:17:11+00:00,merged,2016-08-07T10:25:11+00:00,2016-08-07 18:32:08+00:00,andypetrella
andypetrella,675,support download snb as md,146,116,6,4,6,2016-08-04T06:55:24+00:00;2016-08-13T21:15:56+00:00;2016-08-04T06:53:16+00:00;2016-08-04T06:53:21+00:00;2016-08-13T21:17:26+00:00;2016-08-13T21:18:22+00:00,merged,2016-07-31T07:20:03+00:00,2016-07-31 07:20:13+00:00,andypetrella
maasg,673,Update docs,595,3055,133,9,2,2016-07-15T17:11:42+00:00;2016-07-19T10:17:54+00:00,merged,2016-07-14T08:45:39+00:00,2016-07-19 11:01:38+00:00,andypetrella
Dinduks,667,"Update dialog.js with correct ""Add remote"" examples",0,4,1,3,1,2016-06-27T14:07:16+00:00,merged,2016-06-20T16:22:23+00:00,2016-06-27 14:07:20+00:00,andypetrella
andypetrella,666,Spark version/2.0,28,2389,37,4,4,2016-08-07T18:37:08+00:00;2016-07-12T16:39:59+00:00;2016-08-04T08:27:45+00:00;2016-08-13T21:10:31+00:00,closed,2016-06-14T07:42:38+00:00,2016-08-07 18:37:08+00:00,andypetrella
andypetrella,665,remove tachyon -- for later modularized integration,50,2048,49,6,1,2016-06-14T00:19:17+00:00,merged,2016-06-14T00:18:54+00:00,2016-06-14 00:19:20+00:00,andypetrella
mkcor,664,Improve wording for instructions.,76,6,1,4,1,2016-06-13T21:10:57+00:00,merged,2016-06-13T14:52:03+00:00,2016-06-13 14:55:50+00:00,frbayart
andypetrella,663,spark 2.0.0 support + remove tachyon,622,0,0,14,4,2016-06-13T05:25:35+00:00;2016-06-13T09:23:45+00:00;2016-06-13T09:39:49+00:00;2016-06-14T07:17:31+00:00,merged,2016-06-12T19:18:06+00:00,2016-06-14 07:16:32+00:00,andypetrella
andypetrella,659,remote repo weren't following the same pattern wrt type,0,2,1,4,0,,merged,2016-05-27T21:01:41+00:00,2016-05-27 21:01:47+00:00,andypetrella
andypetrella,658,fixes several things related to deps,441,34,3,10,7,2016-05-27T21:00:04+00:00;2016-05-26T07:02:41+00:00;2016-05-26T07:06:07+00:00;2016-05-26T07:09:31+00:00;2016-05-26T09:07:44+00:00;2016-05-26T09:08:54+00:00;2016-05-26T09:09:32+00:00,merged,2016-05-26T03:42:57+00:00,2016-05-27 20:59:29+00:00,andypetrella
ashutomar,657,"added knoldus logo,url and description",69,3,1,3,1,2016-05-25T12:05:27+00:00,merged,2016-05-25T11:07:37+00:00,2016-05-25 11:53:45+00:00,vidma
radek1st,654,added MyPerfectWeather.eu inspired notebook,0,1,1,11,4,2016-05-25T05:49:54+00:00;2016-05-25T05:56:51+00:00;2016-05-25T18:13:15+00:00;2016-05-25T18:30:18+00:00,merged,2016-05-24T22:38:04+00:00,2016-05-25 18:30:22+00:00,andypetrella
frbayart,653,upstart script load default configuration,65,5,1,3,0,,merged,2016-05-24T12:22:59+00:00,2016-05-24 16:43:12+00:00,andypetrella
natbusa,652,Make the tables fluid in css,47,4,1,4,1,2016-05-23T00:23:54+00:00,merged,2016-05-22T15:44:45+00:00,2016-05-23 00:23:58+00:00,andypetrella
frbayart,650,    add Postinst script for debian package,0,9,3,3,3,2016-05-20T06:06:29+00:00;2016-05-20T09:47:34+00:00;2016-05-20T05:52:34+00:00,merged,2016-05-19T21:32:50+00:00,2016-05-23 22:40:25+00:00,andypetrella
frbayart,649,update sbt version and fix debian package creation,198,12,3,1,1,2016-05-19T17:56:10+00:00,closed,2016-05-19T17:48:50+00:00,2016-05-19 17:55:25+00:00,frbayart
andypetrella,648,added ParallelCoordinateChart,165,2491,6,4,0,,merged,2016-05-18T08:46:23+00:00,2016-05-18 08:46:29+00:00,andypetrella
andypetrella,647,added RadarChart and fixed other default ones when using types,53,601,11,4,0,,merged,2016-05-18T02:43:23+00:00,2016-05-18 02:43:30+00:00,andypetrella
andypetrella,646,Replace most dimple w/ C3 - Add TimeseriesChart,363,377,7,6,0,,merged,2016-05-17T07:57:17+00:00,2016-05-17 08:19:47+00:00,andypetrella
vidma,643,Output DateTime when cell was evaluated,316,12,3,8,1,2016-04-22T12:48:28+00:00,merged,2016-04-21T11:15:41+00:00,2016-04-23 07:26:35+00:00,vidma
vidma,636,Refactor `widgets` package [WIP],422,1885,22,17,16,2016-04-14T14:52:25+00:00;2016-04-14T15:00:46+00:00;2016-04-16T15:06:30+00:00;2016-04-18T16:04:46+00:00;2016-04-18T16:12:43+00:00;2016-04-18T16:31:18+00:00;2016-04-18T16:40:34+00:00;2016-04-18T16:46:06+00:00;2016-04-18T16:52:52+00:00;2016-04-18T16:54:33+00:00;2016-04-18T11:10:05+00:00;2016-04-18T11:11:37+00:00;2016-04-18T11:11:45+00:00;2016-04-18T11:11:50+00:00;2016-04-18T11:11:56+00:00;2016-04-18T16:34:12+00:00,merged,2016-04-14T14:45:45+00:00,2016-04-18 16:04:11+00:00,andypetrella
huitseeker,635,Bump number for sbt dependency graph,20,6,2,3,0,,merged,2016-04-14T11:19:10+00:00,2016-04-18 15:18:22+00:00,andypetrella
frbayart,632,Adding Debian configuration to have a clean Upstart and Systemd boot,156,153,7,5,2,2016-04-14T12:29:10+00:00;2016-04-14T14:19:21+00:00,merged,2016-04-05T15:24:15+00:00,2016-04-18 15:19:57+00:00,andypetrella
ljank,629,Hide sidebar by default and move link to Spark UI to the menu,1098,30,3,9,5,2016-03-30T03:22:50+00:00;2016-03-30T03:29:49+00:00;2016-03-30T11:33:25+00:00;2016-03-30T18:56:18+00:00;2016-04-14T12:26:14+00:00,merged,2016-03-29T10:27:58+00:00,2016-04-18 10:33:33+00:00,vidma
andypetrella,628,Sidebar refac + error logs panel,109,167,5,6,4,2016-03-30T19:06:59+00:00;2016-03-30T19:03:58+00:00;2016-03-30T19:05:53+00:00;2016-03-30T19:06:01+00:00,merged,2016-03-28T15:10:35+00:00,2016-03-28 15:58:39+00:00,andypetrella
andypetrella,627,add sql stuff in init.sc so we don't have to always repeat ourselves,168,95,2,16,16,2016-03-27T19:21:40+00:00;2016-03-27T19:47:55+00:00;2016-03-28T16:03:13+00:00;2016-03-28T19:18:49+00:00;2016-03-28T20:43:14+00:00;2016-03-28T22:34:50+00:00;2016-04-26T10:07:23+00:00;2016-05-01T19:20:04+00:00;2016-05-02T14:54:18+00:00;2016-06-13T09:11:26+00:00;2016-06-27T07:23:43+00:00;2016-08-04T08:13:15+00:00;2016-08-07T18:34:31+00:00;2016-03-28T18:31:53+00:00;2016-04-18T15:21:47+00:00;2016-08-04T08:12:47+00:00,closed,2016-03-26T23:31:00+00:00,2016-08-07 18:34:32+00:00,andypetrella
juanpedromoreno,626,Spark Timeseries Notebook Example,232,4009,2,6,1,2016-03-26T11:08:30+00:00,merged,2016-03-25T23:48:41+00:00,2016-03-26 11:07:35+00:00,andypetrella
vidma,624,"not cache DFs, show and save sampling warnings, 1 stage per tabs",1092,236,3,21,26,2016-03-26T19:15:35+00:00;2016-03-27T17:11:39+00:00;2016-03-28T16:05:56+00:00;2016-03-28T18:48:16+00:00;2016-04-14T14:45:50+00:00;2016-04-14T16:04:07+00:00;2016-04-16T15:05:47+00:00;2016-04-18T05:46:18+00:00;2016-04-18T07:00:41+00:00;2016-04-18T08:39:21+00:00;2016-03-26T05:21:53+00:00;2016-03-28T18:54:10+00:00;2016-03-28T18:58:50+00:00;2016-03-28T20:51:29+00:00;2016-03-28T20:54:34+00:00;2016-04-16T14:52:18+00:00;2016-04-16T14:52:41+00:00;2016-04-16T14:52:47+00:00;2016-04-16T14:52:53+00:00;2016-04-16T14:53:41+00:00;2016-04-16T15:03:45+00:00;2016-04-18T05:47:48+00:00;2016-04-18T05:57:27+00:00;2016-04-18T06:00:11+00:00;2016-04-18T06:24:10+00:00;2016-04-18T10:30:43+00:00,merged,2016-03-24T22:34:06+00:00,2016-04-18 10:32:41+00:00,vidma
vidma,622,Refactor magic `seq/df to renderable` converters ,129,21,2,7,0,,merged,2016-03-23T17:17:11+00:00,2016-03-24 22:19:59+00:00,vidma
vidma,620,Fix DownloadCSV in scala 2.11,3151,5,1,6,1,2016-03-22T08:44:54+00:00,merged,2016-03-22T08:00:38+00:00,2016-03-22 08:44:38+00:00,vidma
vidma,619,Print stack-trace on exception inside cell,29,9,4,8,1,2016-03-22T08:45:26+00:00,merged,2016-03-22T07:28:08+00:00,2016-03-22 08:45:30+00:00,andypetrella
vidma,616,Add TSV export to PivotChart,206,94,3,8,1,2016-03-18T08:28:29+00:00,merged,2016-03-17T14:21:59+00:00,2016-03-17 15:03:53+00:00,vidma
vidma,615,Disable caching in Travis builds,50,14,1,8,2,2016-03-17T14:24:23+00:00;2016-03-17T14:24:57+00:00,merged,2016-03-17T13:32:25+00:00,2016-03-17 14:25:00+00:00,vidma
vidma,609,Fix kernel being autoKilled unexpectedly before midnight,21,12,1,8,3,2016-03-11T07:21:49+00:00;2016-03-12T18:51:26+00:00;2016-03-09T23:48:56+00:00,merged,2016-03-09T23:48:19+00:00,2016-03-17 13:35:38+00:00,vidma
vidma,607,fix widgets to work with empty datasets,617,69,3,8,2,2016-03-09T14:36:49+00:00;2016-03-09T14:46:30+00:00,merged,2016-03-09T14:30:54+00:00,2016-03-09 22:15:14+00:00,vidma
vidma,606,Predictable data series order in pivotchart,562,9,2,10,2,2016-03-09T11:43:33+00:00;2016-03-09T20:59:20+00:00,merged,2016-03-09T09:43:45+00:00,2016-03-09 12:39:29+00:00,vidma
queirozfcom,602,update spark-csv version,108,2,1,5,8,2016-03-11T07:21:11+00:00;2016-03-12T18:58:23+00:00;2016-03-17T14:26:11+00:00;2016-04-19T06:29:43+00:00;2016-04-19T06:36:12+00:00;2016-04-19T07:22:20+00:00;2016-06-13T09:12:06+00:00;2016-08-04T08:14:19+00:00,closed,2016-03-06T06:12:10+00:00,2016-08-04 08:14:19+00:00,vidma
andypetrella,597,scala version changes from 1.6 / 2.10,0,10,2,4,2,2016-02-26T07:54:10+00:00;2016-02-26T07:56:45+00:00,merged,2016-02-26T07:21:37+00:00,2016-02-26 07:44:11+00:00,andypetrella
andypetrella,596,Add sys prop `guava.version`,169,29,2,4,0,,merged,2016-02-26T00:31:10+00:00,2016-02-26 01:21:34+00:00,andypetrella
huitseeker,594,A few code health improvements,167,97,13,8,10,2016-02-23T14:23:43+00:00;2016-02-23T16:12:46+00:00;2016-02-23T22:06:04+00:00;2016-02-23T22:54:26+00:00;2016-02-29T09:55:49+00:00;2016-03-02T11:22:50+00:00;2016-02-23T14:19:53+00:00;2016-02-23T16:08:56+00:00;2016-02-23T16:09:50+00:00;2016-03-01T10:10:49+00:00,merged,2016-02-23T14:02:44+00:00,2016-03-04 19:03:40+00:00,andypetrella
vidma,593,Fix C3/pivottable hover captions to work in Chrome v48+,261,819,2,8,0,,merged,2016-02-19T07:50:17+00:00,2016-02-19 07:51:15+00:00,vidma
vidma,592,Prevent out-of-memory in DownloadCsv,97,5,1,8,2,2016-02-18T16:29:38+00:00;2016-02-18T21:06:51+00:00,merged,2016-02-18T15:30:30+00:00,2016-02-18 16:00:49+00:00,vidma
huitseeker,591,Adding Swisscom to the list of users,0,33,1,3,1,2016-02-17T20:03:01+00:00,merged,2016-02-17T18:17:00+00:00,2016-02-17 20:03:10+00:00,vidma
deanwampler,590,"Added a note to avoid adding classpath arguments to ""customArgs""",122,15,1,3,1,2016-02-10T23:24:06+00:00,merged,2016-02-10T21:36:48+00:00,2016-02-10 23:24:09+00:00,andypetrella
gm-spacagna,589,Update README.md,36,1,1,3,1,2016-02-08T19:23:57+00:00,merged,2016-02-08T16:21:31+00:00,2016-02-08 19:24:01+00:00,andypetrella
vidma,586,Add hide/unhide sidebar menu-button,29,16,3,8,1,2016-02-04T09:14:38+00:00,merged,2016-02-04T09:13:53+00:00,2016-02-04 09:14:20+00:00,vidma
vidma,585,Remove maxPointsBox (but keep widget.newMax),290,25,1,9,2,2016-02-04T07:41:34+00:00;2016-02-04T08:43:33+00:00,merged,2016-02-04T07:38:46+00:00,2016-02-04 09:38:26+00:00,vidma
vidma,584,Add custom taucharts,324,103,4,8,1,2016-02-03T19:29:16+00:00,merged,2016-02-03T19:07:30+00:00,2016-02-03 19:30:59+00:00,vidma
vidma,583,Upgrade Require.js to 2.1.22,29,465,1,8,0,,merged,2016-02-03T19:00:39+00:00,2016-02-16 01:52:30+00:00,andypetrella
vidma,582,Add non minimized tauCharts assets,95,20877,10,6,0,,merged,2016-02-03T18:58:10+00:00,2016-02-03 18:59:18+00:00,vidma
jarutis,581,Add taucharts,118,49556,40,6,1,2016-02-03T16:15:10+00:00,closed,2016-02-03T16:08:34+00:00,2016-02-03 19:08:56+00:00,vidma
huitseeker,580,Provides compatibility with Tachyon 0.8.2,12,8,3,5,7,2016-02-03T08:36:03+00:00;2016-02-03T15:09:11+00:00;2016-02-03T16:34:35+00:00;2016-02-04T06:02:44+00:00;2016-02-04T06:40:06+00:00;2016-02-03T09:08:50+00:00;2016-02-03T16:35:03+00:00,merged,2016-02-03T08:34:03+00:00,2016-02-04 06:44:31+00:00,vidma
andypetrella,579,adding taucharts support,269,113,8,4,1,2016-01-31T08:35:42+00:00,closed,2016-01-30T23:57:30+00:00,2016-02-03 16:21:37+00:00,vidma
jkleckner,578,Remove notebook canonical path constraint #577,136,4,1,3,1,2016-01-30T13:45:18+00:00,merged,2016-01-29T21:56:37+00:00,2016-01-30 13:45:23+00:00,andypetrella
jarutis,576,Add taucharts js library,349,123,8,3,1,2016-02-02T09:34:09+00:00,closed,2016-01-29T13:18:19+00:00,2016-02-02 09:34:09+00:00,vidma
deanwampler,575,Add -feature and -language:reflectiveCalls to compilerArgs in conf/application.conf. Fixed compiler warnings.,560,43,8,6,4,2016-01-29T11:11:10+00:00;2016-01-30T13:46:55+00:00;2016-01-30T13:46:01+00:00;2016-02-02T07:27:25+00:00,merged,2016-01-29T10:32:29+00:00,2016-01-30 13:46:57+00:00,andypetrella
huitseeker,574,"Set up SBT cached resolution, fixes #347",62,2,1,3,1,2016-01-30T13:47:13+00:00,merged,2016-01-28T19:32:18+00:00,2016-01-30 13:47:25+00:00,andypetrella
shola,573,Fix lat long validation,1237,2,1,3,1,2016-01-30T13:47:59+00:00,merged,2016-01-27T23:46:25+00:00,2016-01-30 13:48:02+00:00,andypetrella
huitseeker,571,Some minor tweaks preventing compilation under 2.11,79,32,3,3,1,2016-01-26T22:50:29+00:00,merged,2016-01-26T16:00:25+00:00,2016-01-26 22:50:33+00:00,andypetrella
deanwampler,570,"PR for #563 - strings with Windows paths need embedded ""\"" escaped properly.",75,21,2,5,3,2016-01-26T01:03:30+00:00;2016-01-26T01:37:17+00:00;2016-01-26T01:48:18+00:00,merged,2016-01-26T00:46:47+00:00,2016-01-26 07:10:44+00:00,andypetrella
shola,569,Replace SummarySeries with Pairs,409,51,2,1,3,2016-01-26T00:27:40+00:00;2016-01-26T01:23:57+00:00;2016-01-26T01:28:44+00:00,closed,2016-01-26T00:25:44+00:00,2016-08-07 18:33:04+00:00,andypetrella
shola,568,download and unzip planes data for user,370,38,1,2,2,2016-01-26T00:26:05+00:00;2016-01-26T00:24:41+00:00,merged,2016-01-25T21:59:07+00:00,2016-01-30 13:48:03+00:00,andypetrella
vidma,567,Add short README; move old to details.md,185,2882,2,15,2,2016-01-25T20:33:57+00:00;2016-01-26T00:30:40+00:00,merged,2016-01-25T20:01:39+00:00,2016-01-26 00:30:49+00:00,andypetrella
andypetrella,565,Spark Notebook in viewer mode (only) ,979,365,24,11,8,2016-01-24T15:23:28+00:00;2016-01-24T15:34:35+00:00;2016-01-24T15:38:08+00:00;2016-08-31T19:27:08+00:00;2016-01-24T15:19:21+00:00;2016-01-24T15:35:51+00:00;2016-02-04T17:23:17+00:00;2016-02-04T17:25:30+00:00,closed,2016-01-24T12:26:22+00:00,2016-08-31 19:27:08+00:00,vidma
andypetrella,562,Start the kernel in a read only mode with execution capabilities,479,85,5,10,2,2016-01-23T09:19:42+00:00;2016-01-23T16:00:30+00:00,merged,2016-01-22T20:39:23+00:00,2016-01-22 23:52:56+00:00,andypetrella
vidma,560,"SH: print output once, print stderr too",461,26,2,10,2,2016-01-21T09:47:33+00:00;2016-01-21T15:09:53+00:00,merged,2016-01-21T08:51:04+00:00,2016-01-21 16:26:19+00:00,vidma
vidma,559,Fix sidebar so notebook doesnt scroll forever,130,6,1,6,0,,merged,2016-01-20T15:06:18+00:00,2016-01-20 15:07:01+00:00,vidma
vidma,556,"Extend JobDescription: add runId, allow more chars in codeSnippet",200,46,4,11,1,2016-01-20T10:08:15+00:00,merged,2016-01-20T09:33:25+00:00,2016-01-20 13:50:05+00:00,vidma
andypetrella,555,Simplistic chat room per notebook,315,98,7,14,2,2016-01-20T08:06:34+00:00;2016-01-20T10:03:48+00:00,merged,2016-01-20T00:38:57+00:00,2016-01-20 10:03:50+00:00,andypetrella
vidma,553,Fix spark job monitor to return correct cell-id,253,3,1,8,1,2016-01-19T14:07:14+00:00,merged,2016-01-19T14:06:13+00:00,2016-01-19 14:52:12+00:00,vidma
vidma,552,Do not display widget when cell defines vals (Unit result),255,35,5,10,1,2016-01-19T13:52:27+00:00,merged,2016-01-19T12:58:19+00:00,2016-01-19 13:49:23+00:00,vidma
vidma,551,Fix codemirror/scala anonymous fn indentation,404,50,1,6,3,2016-01-19T09:35:16+00:00;2016-01-19T09:38:56+00:00;2016-01-19T09:47:33+00:00,merged,2016-01-19T09:35:03+00:00,2016-01-19 11:15:34+00:00,vidma
andypetrella,550,chart still requires init value for reflection which screws some,36,144,2,4,0,,merged,2016-01-18T15:10:10+00:00,2016-01-18 15:29:49+00:00,andypetrella
andypetrella,549,Features/form,32,80,1,4,0,,merged,2016-01-18T13:46:40+00:00,2016-01-18 13:46:48+00:00,andypetrella
vidma,548,Allow to move notebook to a new dir,282,35,3,8,3,2016-01-18T13:49:07+00:00;2016-01-18T19:46:29+00:00;2016-01-19T08:19:50+00:00,merged,2016-01-18T13:25:39+00:00,2016-01-18 14:26:57+00:00,vidma
andypetrella,546,support SPARK_HOME explicitly in override,624,71,3,11,4,2016-01-18T13:51:32+00:00;2016-01-28T09:29:09+00:00;2016-01-17T16:40:46+00:00;2016-01-18T13:47:39+00:00,closed,2016-01-16T16:38:53+00:00,2018-03-05 17:06:40+00:00,vidma
vidma,545,Fix val initialization order in init.sc,477,43,1,10,3,2016-01-15T08:52:56+00:00;2016-01-15T09:09:44+00:00;2016-01-15T14:50:55+00:00,merged,2016-01-15T08:42:31+00:00,2016-01-15 14:55:46+00:00,vidma
meh-ninja,544,Update play to 2.3.10. Previous version not available in Maven centra…,83,494,7,8,4,2016-01-14T19:59:19+00:00;2016-01-14T20:09:27+00:00;2016-01-15T08:00:57+00:00;2016-01-15T08:38:10+00:00,merged,2016-01-14T19:58:03+00:00,2016-01-14 22:05:37+00:00,meh-ninja
meh-ninja,543,Update play to 2.3.10. Previous version not available in Maven centra…,83,492,6,6,0,,closed,2016-01-14T19:45:55+00:00,2016-01-14 19:50:11+00:00,meh-ninja
vidma,540,Clear sidebar on kernel reset,18,11,1,6,0,,merged,2016-01-14T09:31:39+00:00,2016-01-14 09:31:53+00:00,vidma
vidma,539,Hightlight SQL inside scala code,211,15,3,8,1,2016-01-14T09:23:05+00:00,merged,2016-01-14T08:59:25+00:00,2016-01-14 09:34:08+00:00,vidma
meh-ninja,537,Move UtilsFromSpark to init.sc.,77,488,5,10,9,2016-01-13T20:41:14+00:00;2016-01-14T13:04:40+00:00;2016-01-14T13:12:59+00:00;2016-01-15T07:37:09+00:00;2016-01-15T07:51:35+00:00;2016-01-15T08:37:02+00:00;2016-01-15T07:50:34+00:00;2016-01-15T08:35:54+00:00;2016-01-15T08:40:11+00:00,merged,2016-01-13T17:37:53+00:00,2016-01-14 13:04:44+00:00,meh-ninja
vidma,536,Minor UI fixes,112,13,2,4,0,,merged,2016-01-13T11:51:14+00:00,2016-01-13 11:51:55+00:00,vidma
vidma,535,Fun: Sql code inside scala string literals,393,82,3,9,1,2016-01-13T21:50:54+00:00,merged,2016-01-12T20:46:04+00:00,2016-01-13 11:05:51+00:00,vidma
vidma,533,Fix observables lost on page refresh,116,4,1,9,0,,merged,2016-01-12T17:37:15+00:00,2016-01-12 17:39:13+00:00,vidma
vidma,532,Show cancel link if jobs are running,101,9,2,6,0,,merged,2016-01-12T17:28:18+00:00,2016-01-12 17:28:21+00:00,vidma
vidma,530,Simplify total progress bar,289,63,3,8,0,,merged,2016-01-12T15:08:36+00:00,2016-01-12 16:59:10+00:00,vidma
vidma,529,Refactor code-cell UI & progressbar,537,82,4,8,0,,merged,2016-01-12T14:40:47+00:00,2016-01-12 15:04:44+00:00,vidma
vidma,526,Kill kernel automatically,608,60,4,10,6,2016-01-11T15:17:33+00:00;2016-01-12T12:39:43+00:00;2016-01-11T10:15:50+00:00;2016-01-11T12:47:29+00:00;2016-01-11T15:13:29+00:00;2016-01-11T19:11:17+00:00,merged,2016-01-11T10:05:31+00:00,2016-01-14 09:30:17+00:00,vidma
meh-ninja,525,Protect from an exception in case of uploading files other than notebooks.,337,139,4,5,3,2016-01-11T02:14:04+00:00;2016-01-13T17:05:39+00:00;2016-01-13T20:43:04+00:00,merged,2016-01-10T21:08:37+00:00,2016-01-14 09:24:29+00:00,andypetrella
meh-ninja,524,Update all textual ocurrences of IPython with Spark Notebook.,0,20,5,3,0,,merged,2016-01-10T18:33:46+00:00,2016-01-10 18:52:42+00:00,andypetrella
andypetrella,523,Sync notebooks,399,68,4,13,5,2016-01-10T16:57:11+00:00;2016-01-10T21:21:07+00:00;2016-01-11T08:07:26+00:00;2016-01-12T17:31:21+00:00;2016-01-12T17:37:37+00:00,merged,2016-01-10T16:52:30+00:00,2016-01-11 02:11:23+00:00,andypetrella
meh-ninja,522,Repl unit test coverage with minor fixes,1095,648,12,9,2,2016-01-10T17:57:10+00:00;2016-01-10T17:54:36+00:00,merged,2016-01-09T23:55:00+00:00,2016-01-10 17:57:18+00:00,andypetrella
meh-ninja,519,Docker image - part 2,431,8,2,6,1,2016-01-08T01:56:06+00:00,merged,2016-01-08T00:54:53+00:00,2016-01-08 01:56:09+00:00,andypetrella
meh-ninja,518,Simplify docker image setup,82,32,2,5,1,2016-01-07T23:53:39+00:00,merged,2016-01-07T23:31:45+00:00,2016-01-07 23:53:42+00:00,andypetrella
vidma,516,Reset term defs on kernel restart,10,7,1,4,0,,merged,2016-01-07T12:48:50+00:00,2016-01-07 13:13:08+00:00,vidma
vidma,512,Simplify progress bar,385,50,2,6,0,,merged,2016-01-07T09:56:32+00:00,2016-01-07 09:57:59+00:00,vidma
vidma,511,Progressbar: Include pending stages and Minor improvements,437,30,3,7,1,2016-01-06T18:15:37+00:00,merged,2016-01-06T18:14:54+00:00,2016-01-07 09:43:06+00:00,vidma
vidma,510,Simple progressbar per cell,607,28,4,6,1,2016-01-06T16:24:13+00:00,merged,2016-01-06T15:25:12+00:00,2016-01-06 17:27:41+00:00,vidma
vidma,509,Accumulate spark stats by job,377,83,2,7,1,2016-01-06T13:26:19+00:00,merged,2016-01-06T13:22:20+00:00,2016-01-06 14:10:06+00:00,vidma
vidma,508,Remove legacy spark repl dirs,162,11626,143,6,0,,merged,2016-01-06T11:04:19+00:00,2016-01-06 11:15:14+00:00,vidma
vidma,507,Simplify spark version mngmt,117,43,16,9,1,2016-01-06T11:00:19+00:00,merged,2016-01-06T08:51:31+00:00,2016-01-06 11:04:09+00:00,vidma
vidma,505,Highlight :sh scripts,184,4,1,6,0,,merged,2016-01-04T23:08:29+00:00,2016-01-05 09:08:24+00:00,vidma
vidma,504,Automatically highlight the :sql,278,3,1,6,0,,merged,2016-01-04T17:59:49+00:00,2016-01-04 18:00:38+00:00,vidma
vidma,503,Mutate currentlyExecutingTask only inside actor,125,6,2,6,0,,merged,2016-01-04T15:04:34+00:00,2016-01-04 15:05:18+00:00,vidma
vidma,501,Add read only mode,889,31,3,7,0,,merged,2016-01-04T13:39:16+00:00,2016-01-04 13:54:17+00:00,vidma
vidma,498,"Track currentlyExecutingTask, and fix process-next",375,34,2,6,2,2016-01-04T09:06:18+00:00;2016-01-04T09:12:34+00:00,merged,2016-01-04T08:42:53+00:00,2016-01-04 09:38:50+00:00,vidma
vidma,497,"Revert ""Improve process-next to honour queue""",40,29,2,2,0,,closed,2016-01-04T08:03:53+00:00,2016-01-04 08:37:28+00:00,vidma
vidma,496,Improve process-next to honour queue,425,29,2,8,2,2016-01-03T14:50:36+00:00;2016-01-02T17:46:19+00:00,merged,2016-01-02T17:43:59+00:00,2016-01-04 07:28:51+00:00,vidma
vidma,495,Fix job canceling,528,28,4,11,5,2016-01-03T14:49:42+00:00;2016-01-03T15:40:18+00:00;2016-01-03T15:49:03+00:00;2016-01-03T16:13:27+00:00;2016-01-04T07:05:41+00:00,merged,2016-01-02T16:53:39+00:00,2016-01-04 12:22:53+00:00,vidma
andypetrella,494,Add sidebar with job progress and term defs,1093,443,21,20,17,2016-01-05T10:02:36+00:00;2016-01-05T11:16:19+00:00;2016-01-05T11:35:02+00:00;2016-01-05T11:46:28+00:00;2016-01-05T09:18:53+00:00;2016-01-05T09:54:46+00:00;2016-01-05T10:00:10+00:00;2016-01-05T10:02:27+00:00;2016-01-05T10:07:25+00:00;2016-01-05T10:09:49+00:00;2016-01-05T10:16:23+00:00;2016-01-05T10:36:23+00:00;2016-01-05T18:19:15+00:00;2016-01-05T18:21:53+00:00;2016-01-05T18:22:55+00:00;2016-01-05T20:31:01+00:00;2016-01-05T20:35:13+00:00,merged,2016-01-02T14:32:59+00:00,2016-01-06 11:51:23+00:00,vidma
vidma,493,Make Y axis min-value configurable,506,17,2,8,2,2015-12-31T15:15:48+00:00;2016-01-02T14:41:18+00:00,merged,2015-12-31T15:15:00+00:00,2016-01-02 15:40:26+00:00,vidma
vidma,492,Fix the check if sparkContext exists,97,10,2,3,1,2015-12-31T07:54:46+00:00,closed,2015-12-31T07:37:06+00:00,2015-12-31 07:59:22+00:00,vidma
vidma,491,Make sure sparkContext exists when canceling jobGroup,63,12,2,7,6,2015-12-30T20:04:44+00:00;2015-12-30T20:07:04+00:00;2015-12-30T20:19:39+00:00;2016-01-02T13:42:50+00:00;2016-01-02T15:57:26+00:00;2016-01-02T16:12:47+00:00,merged,2015-12-30T20:04:23+00:00,2015-12-30 20:20:33+00:00,vidma
vidma,488,Simplify appName,254,4,1,7,4,2015-12-30T13:43:27+00:00;2015-12-30T13:43:51+00:00;2015-12-30T14:06:07+00:00;2015-12-30T14:26:48+00:00,merged,2015-12-30T13:41:58+00:00,2015-12-30 18:12:27+00:00,vidma
buster84,487,Fix EMR 4.2 document on README,253,7,1,3,1,2015-12-28T09:42:19+00:00,merged,2015-12-28T05:07:17+00:00,2015-12-28 09:42:23+00:00,andypetrella
buster84,486,Fix not working screen command,138,2,1,1,1,2015-12-28T05:03:13+00:00,closed,2015-12-28T02:33:59+00:00,2015-12-28 05:03:13+00:00,buster84
andypetrella,485,DCOS doc,12,24,1,4,0,,merged,2015-12-27T17:11:04+00:00,2015-12-27 17:11:08+00:00,andypetrella
andypetrella,484,Emr 4.2,53,317,2,4,0,,merged,2015-12-26T16:23:37+00:00,2015-12-26 16:23:43+00:00,andypetrella
andypetrella,483,Enhance c3 charts for dynamic loading and tuning ,222,142,3,4,5,2015-12-26T15:18:37+00:00;2015-12-26T21:35:58+00:00;2015-12-26T21:44:09+00:00;2015-12-26T21:49:01+00:00;2015-12-26T21:59:21+00:00,closed,2015-12-26T14:38:10+00:00,2016-08-31 19:24:18+00:00,vidma
PanAeon,482,Enabling -Yrepl-class-based on scala_2.11 and latest spark.,288,65,4,6,1,2015-12-26T21:46:48+00:00,merged,2015-12-24T10:57:08+00:00,2015-12-26 21:46:50+00:00,andypetrella
vidma,480,Minimize noise from input/output prompts,341,14,2,6,1,2015-12-23T14:36:16+00:00,merged,2015-12-23T14:29:57+00:00,2015-12-23 15:02:03+00:00,vidma
vidma,478,Save selected tab,159,27,1,6,0,,merged,2015-12-23T10:13:17+00:00,2015-12-23 10:14:00+00:00,vidma
vidma,477,Improve sumOverSum label,340,11,1,6,0,,merged,2015-12-23T09:27:33+00:00,2015-12-23 09:49:48+00:00,vidma
vidma,476,Ability to cancel particular cells,361,129,8,17,9,2015-12-22T23:11:47+00:00;2015-12-23T16:12:52+00:00;2015-12-30T15:25:48+00:00;2015-12-30T17:52:14+00:00;2015-12-30T18:15:38+00:00;2015-12-30T19:37:18+00:00;2015-12-30T19:46:09+00:00;2015-12-23T16:04:28+00:00;2015-12-30T16:50:28+00:00,merged,2015-12-22T22:58:15+00:00,2015-12-30 19:11:25+00:00,vidma
andypetrella,475,[WIP] Flow Manager,470,752,10,11,1,2015-12-29T01:21:59+00:00,merged,2015-12-22T13:08:30+00:00,2015-12-29 01:22:01+00:00,andypetrella
vidma,474,Initialize observables when kernel is ready,585,2,1,6,1,2015-12-22T11:54:05+00:00,merged,2015-12-22T11:53:58+00:00,2015-12-22 12:24:44+00:00,vidma
vidma,473,Warn when no completions were found,287,13,1,6,1,2015-12-22T13:12:08+00:00,merged,2015-12-22T08:30:01+00:00,2015-12-22 13:12:10+00:00,andypetrella
andypetrella,470, wasn't bound in scala 2.11,11,4,1,6,0,,merged,2015-12-20T23:28:47+00:00,2015-12-20 23:40:56+00:00,andypetrella
andypetrella,469,Add cell-id and track cell-job dependencies,255,233,12,7,16,2015-12-20T21:38:30+00:00;2015-12-22T22:49:34+00:00;2015-12-22T23:09:04+00:00;2015-12-22T23:15:42+00:00;2015-12-22T23:20:49+00:00;2015-12-20T21:41:14+00:00;2015-12-20T22:04:06+00:00;2015-12-20T22:19:58+00:00;2015-12-20T22:23:36+00:00;2015-12-20T22:35:15+00:00;2015-12-20T22:54:49+00:00;2015-12-21T13:15:57+00:00;2015-12-22T13:20:46+00:00;2015-12-22T14:38:27+00:00;2015-12-22T22:24:13+00:00;2015-12-22T22:24:39+00:00,merged,2015-12-20T21:11:58+00:00,2015-12-22 22:54:21+00:00,vidma
andypetrella,468,Delay registering of observables until Observable.ready,112,40,2,9,18,2015-12-21T17:11:23+00:00;2015-12-21T17:34:28+00:00;2015-12-22T10:35:37+00:00;2015-12-22T12:16:47+00:00;2015-12-21T10:16:45+00:00;2015-12-21T10:17:45+00:00;2015-12-21T10:19:46+00:00;2015-12-21T10:28:01+00:00;2015-12-21T10:28:52+00:00;2015-12-21T11:59:44+00:00;2015-12-21T12:18:03+00:00;2015-12-21T17:00:29+00:00;2015-12-21T17:02:54+00:00;2015-12-21T17:10:04+00:00;2015-12-21T17:14:13+00:00;2015-12-22T10:00:38+00:00;2015-12-22T10:02:26+00:00;2015-12-22T10:29:46+00:00,merged,2015-12-20T13:47:24+00:00,2015-12-22 12:24:27+00:00,vidma
vidma,467,Fix to compile with scala-2.11,18,6,2,8,1,2015-12-19T21:15:35+00:00,merged,2015-12-19T20:06:36+00:00,2015-12-19 21:15:53+00:00,vidma
vidma,466,Auto-completion: Mark the optional params,338,33,2,10,2,2015-12-19T18:31:35+00:00;2015-12-19T21:39:57+00:00,merged,2015-12-19T18:25:03+00:00,2015-12-19 21:39:32+00:00,vidma
vidma,464,Fix travis: build scala to 2.10.4,98,2,1,6,1,2015-12-18T21:45:06+00:00,merged,2015-12-18T21:39:02+00:00,2015-12-18 21:57:37+00:00,andypetrella
vidma,463,Display widget for more than 2 fields,255,22,1,6,0,,merged,2015-12-18T21:28:38+00:00,2015-12-18 21:29:52+00:00,vidma
vidma,462,Generated appName to override spark.app.name in nb metadata,311,2,1,4,0,,merged,2015-12-18T12:41:07+00:00,2015-12-18 12:42:00+00:00,vidma
vidma,461,Add notebook path to spark appName,277,13,1,6,2,2015-12-18T10:10:36+00:00;2015-12-18T09:52:47+00:00,merged,2015-12-18T09:44:16+00:00,2015-12-18 10:19:01+00:00,vidma
vidma,460,Select the first tab automatically,18,6,1,6,0,,merged,2015-12-18T08:52:47+00:00,2015-12-18 08:53:07+00:00,vidma
vidma,459,Make maxPoints default to 1000,15,33,1,6,0,,merged,2015-12-17T22:42:06+00:00,2015-12-18 07:38:52+00:00,vidma
vidma,457,Refactor sampling and use limit in DataFrames,384,78,3,12,3,2015-12-17T17:41:14+00:00;2015-12-17T22:43:27+00:00;2015-12-17T17:04:56+00:00,merged,2015-12-17T17:03:21+00:00,2015-12-18 08:15:55+00:00,vidma
vidma,456,Use only code-cells in code-completion,0,8,1,4,0,,merged,2015-12-17T10:20:33+00:00,2015-12-17 10:20:42+00:00,vidma
vidma,454,Add PivotChart to `display` widget,184,3,1,6,0,,merged,2015-12-16T23:10:26+00:00,2015-12-16 23:11:04+00:00,vidma
vidma,453,Intelligent auto-completions,1389,79,5,14,9,2015-12-16T16:52:16+00:00;2015-12-16T19:00:54+00:00;2015-12-16T22:40:44+00:00;2015-12-17T02:03:00+00:00;2015-12-17T06:59:01+00:00;2015-12-17T10:28:21+00:00;2015-12-17T13:30:25+00:00;2015-12-17T16:22:19+00:00;2015-12-17T16:39:20+00:00,merged,2015-12-16T16:50:28+00:00,2015-12-17 16:39:26+00:00,vidma
vidma,452,PivotChart: Add Ratio (sumOverSum) aggregator,259,6,1,7,0,,merged,2015-12-16T13:23:33+00:00,2015-12-16 13:44:39+00:00,vidma
vidma,451,Align unused columns on the top,345,5,1,6,0,,merged,2015-12-16T09:47:23+00:00,2015-12-16 11:14:06+00:00,vidma
vidma,450,"Upgrade Pivottable, add missing C3 CSS",480,150,8,9,0,,merged,2015-12-16T08:57:17+00:00,2015-12-16 09:45:03+00:00,vidma
vidma,448,"PivotChart: Rotate and limit x labels count, fix padding",216,27,1,6,3,2015-12-15T20:13:04+00:00;2015-12-15T20:22:36+00:00;2015-12-15T20:26:01+00:00,merged,2015-12-15T20:12:58+00:00,2015-12-15 20:26:54+00:00,vidma
andypetrella,443,Fix/repl class server not closed,919,48,24,6,3,2016-01-05T15:39:54+00:00;2016-01-05T15:54:19+00:00;2016-01-05T20:16:56+00:00,merged,2015-12-14T16:50:58+00:00,2015-12-18 21:58:06+00:00,andypetrella
andypetrella,442,Added conf `manager.notebooks.override`,444,170,3,12,3,2015-12-14T13:42:43+00:00;2015-12-14T13:49:43+00:00;2015-12-14T13:59:30+00:00,merged,2015-12-14T13:38:58+00:00,2015-12-14 14:33:48+00:00,andypetrella
vidma,440,Always load kernel if recompute_now requested,150,4,1,7,0,,merged,2015-12-14T09:27:00+00:00,2015-12-14 09:31:11+00:00,vidma
andypetrella,439,fixes #433,83,2,1,8,0,,merged,2015-12-12T20:07:28+00:00,2015-12-12 20:18:16+00:00,andypetrella
andypetrella,437,Detect when the remote process has been terminated,212,14,1,6,5,2015-12-12T10:48:54+00:00;2015-12-12T11:17:31+00:00;2015-12-12T13:27:19+00:00;2015-12-12T17:40:09+00:00;2015-12-12T10:25:25+00:00,merged,2015-12-11T19:56:07+00:00,2015-12-12 17:40:13+00:00,andypetrella
vidma,436,Make kernel autoStarting configurable,476,51,6,6,3,2015-12-12T14:46:36+00:00;2015-12-12T14:46:52+00:00;2015-12-12T17:39:28+00:00,merged,2015-12-11T15:56:28+00:00,2015-12-12 17:39:37+00:00,andypetrella
vidma,435,WIP: Open Results Only view in readonly,166,18,2,5,1,2015-12-11T15:26:22+00:00,closed,2015-12-11T14:17:21+00:00,2015-12-11 15:26:22+00:00,vidma
vidma,431,Update View menu,362,15,1,7,0,,merged,2015-12-10T16:03:28+00:00,2015-12-11 08:35:44+00:00,vidma
vidma,430,Hide meaningless menu-items,91,7,1,6,0,,merged,2015-12-10T15:56:15+00:00,2015-12-10 16:00:02+00:00,vidma
vidma,426,Allow to navigate to directory by `/notebooks/some-directory` URL,202,4,1,6,3,2015-12-09T10:32:58+00:00;2015-12-09T10:43:40+00:00;2015-12-09T10:50:44+00:00,merged,2015-12-09T10:29:25+00:00,2015-12-09 11:38:47+00:00,vidma
andypetrella,424, [WIP] Support for opengis/jts  + GeoJSON,107,12803,15,6,0,,merged,2015-12-08T21:38:18+00:00,2015-12-10 08:45:04+00:00,andypetrella
vidma,423,Fix C3 tooltip title color (PivotChart),360,3,1,6,0,,merged,2015-12-08T18:19:56+00:00,2015-12-08 18:21:38+00:00,vidma
vidma,421,Make PivotChart use full-width,834,10,2,9,3,2015-12-08T16:56:31+00:00;2015-12-09T10:41:50+00:00;2015-12-09T10:44:52+00:00,merged,2015-12-08T16:50:05+00:00,2015-12-09 10:45:48+00:00,vidma
vidma,419,Improve the tests,15,6,2,11,2,2015-12-07T18:41:57+00:00;2015-12-07T22:14:50+00:00,merged,2015-12-07T18:31:18+00:00,2015-12-08 10:09:55+00:00,vidma
vidma,418,C3 Custom Chart,374,171,5,11,7,2015-12-08T12:05:45+00:00;2015-12-08T12:21:21+00:00;2015-12-08T17:47:55+00:00;2015-12-08T18:10:01+00:00;2015-12-07T15:55:04+00:00;2015-12-07T16:28:32+00:00;2015-12-07T17:33:12+00:00,merged,2015-12-07T15:54:23+00:00,2015-12-08 13:43:51+00:00,vidma
andypetrella,417,added var env support in args and sparkConf,183,27,4,10,1,2015-12-14T13:59:09+00:00,merged,2015-12-07T13:09:17+00:00,2015-12-14 13:59:12+00:00,andypetrella
andypetrella,416,simple flow manager: first imppressions,341,12290,10,15,0,,merged,2015-12-05T00:07:26+00:00,2015-12-11 11:50:28+00:00,andypetrella
vidma,415,"Fix the failing build (fixes #411 , #414)",109,3,1,6,1,2015-12-07T11:49:25+00:00,merged,2015-12-04T18:55:55+00:00,2015-12-04 18:57:04+00:00,vidma
vidma,413,Fix C3 styles in PivotChart,279,5,1,6,0,,merged,2015-12-04T11:03:25+00:00,2015-12-04 11:03:38+00:00,vidma
vidma,412,Make loging less verbose and configurable,332,8,2,6,0,,merged,2015-12-03T10:34:24+00:00,2015-12-04 10:37:54+00:00,andypetrella
vidma,411,Add WebHDFS based CSV downloader,758,88,3,9,7,2015-12-04T10:33:49+00:00;2015-12-04T10:37:54+00:00;2015-12-04T11:04:29+00:00;2015-12-04T11:04:57+00:00;2015-12-04T11:05:36+00:00;2015-12-04T11:25:37+00:00;2015-12-04T12:03:09+00:00,merged,2015-12-02T16:15:29+00:00,2015-12-04 12:42:53+00:00,vidma
andypetrella,410,sometimes the observables are screwed probably due to race condition…,330,31,1,4,10,2015-12-02T17:12:12+00:00;2015-12-04T12:39:11+00:00;2015-12-04T12:54:07+00:00;2015-12-04T12:55:24+00:00;2015-12-04T13:51:03+00:00;2015-12-04T15:18:33+00:00;2015-12-07T10:51:27+00:00;2015-12-08T18:28:28+00:00;2015-12-14T09:32:31+00:00;2015-12-16T17:16:57+00:00,merged,2015-12-01T18:23:57+00:00,2015-12-14 09:36:01+00:00,vidma
vidma,408,Improve warnings in charts/tables,276,17,2,6,2,2015-12-01T15:30:22+00:00;2015-12-03T09:56:31+00:00,merged,2015-12-01T07:42:02+00:00,2015-12-01 15:30:25+00:00,andypetrella
andypetrella,407,Spark version deps,341,60,3,4,2,2015-11-30T22:11:36+00:00;2015-12-01T06:17:11+00:00,merged,2015-11-30T22:10:08+00:00,2015-11-30 22:11:39+00:00,andypetrella
andypetrella,406,support %% in the deps. Needs to support spark version now...,140,38,2,3,0,,merged,2015-11-30T21:40:54+00:00,2015-11-30 22:11:41+00:00,andypetrella
vidma,405,PivotUI: top-align the selected dimensions,295,4,1,6,2,2015-11-30T14:40:04+00:00;2015-11-30T14:41:54+00:00,merged,2015-11-30T14:38:15+00:00,2015-11-30 14:41:51+00:00,vidma
vidma,404,Easier support for future spark versions,334,113,17,8,6,2015-11-30T13:41:38+00:00;2015-11-30T16:02:44+00:00;2015-11-30T16:50:15+00:00;2015-11-30T16:54:56+00:00;2015-11-30T17:02:33+00:00;2015-11-30T21:16:12+00:00,merged,2015-11-30T13:34:56+00:00,2015-11-30 21:17:04+00:00,andypetrella
vidma,403,"Revert ""Future spark versions""",79,1314,19,4,0,,merged,2015-11-30T12:55:53+00:00,2015-11-30 12:56:07+00:00,vidma
vidma,402,Support spark-1.5.2 with scala 2.11,130,536,8,6,1,2015-11-30T12:49:51+00:00,merged,2015-11-30T12:47:52+00:00,2015-11-30 12:49:38+00:00,vidma
vidma,401,Initiate notebook recomputation if action=recompute_now in url,311,8,1,6,1,2015-11-30T11:03:20+00:00,merged,2015-11-30T10:51:30+00:00,2015-11-30 16:04:18+00:00,vidma
vidma,400,Add user_custom.css for user customizations,314,3,4,6,5,2015-11-29T19:02:37+00:00;2015-11-30T13:05:30+00:00;2015-11-30T13:40:35+00:00;2015-11-30T13:42:04+00:00;2015-11-30T13:46:54+00:00,merged,2015-11-27T21:39:33+00:00,2015-11-30 13:46:40+00:00,vidma
vidma,399,Show SparkUI link,374,54,2,11,8,2015-11-27T21:25:47+00:00;2015-11-29T17:49:14+00:00;2015-11-29T19:00:43+00:00;2015-11-29T19:11:09+00:00;2015-11-29T19:15:58+00:00;2015-11-29T19:27:35+00:00;2015-11-29T20:04:44+00:00;2015-11-29T17:58:20+00:00,merged,2015-11-27T20:34:33+00:00,2015-11-30 14:08:47+00:00,vidma
vidma,397,Pivot chart with toggleable controls,259,17,2,8,2,2015-11-26T21:27:23+00:00;2015-11-27T20:38:42+00:00,merged,2015-11-26T21:13:47+00:00,2015-11-27 20:38:49+00:00,vidma
vidma,395,Improve the job progressbar,431,122,1,7,5,2015-11-26T15:06:00+00:00;2015-11-26T15:10:50+00:00;2015-11-27T15:28:24+00:00;2015-11-29T17:50:11+00:00;2015-11-29T18:09:28+00:00,merged,2015-11-26T13:33:17+00:00,2015-11-29 18:15:14+00:00,vidma
vidma,393,Persist PivotChart state,210,43,1,10,5,2015-11-26T08:30:58+00:00;2015-11-26T09:17:43+00:00;2015-11-26T10:08:50+00:00;2015-11-26T15:05:40+00:00;2015-11-25T21:34:43+00:00,merged,2015-11-25T19:00:39+00:00,2015-11-27 11:49:37+00:00,vidma
andypetrella,392,Local repo var env,0,103,8,4,0,,merged,2015-11-25T15:36:35+00:00,2015-11-25 15:36:39+00:00,andypetrella
vidma,390,Add a report presentation mode,484,53,6,6,5,2015-11-24T16:15:50+00:00;2015-11-24T16:25:36+00:00;2015-11-24T22:41:22+00:00;2015-11-25T15:34:37+00:00;2015-11-25T15:37:32+00:00,merged,2015-11-24T16:09:22+00:00,2015-11-25 15:36:40+00:00,andypetrella
vidma,388,Add multicolumn support,92,77,6,5,5,2015-11-20T23:05:40+00:00;2015-11-21T14:29:43+00:00;2015-11-20T23:01:39+00:00;2015-11-21T10:50:08+00:00;2015-11-21T14:28:14+00:00,merged,2015-11-20T22:59:16+00:00,2015-11-21 14:29:45+00:00,andypetrella
etaty,385,Updating DCOS spark notebook install,0,4,1,3,1,2015-11-20T08:40:13+00:00,merged,2015-11-18T16:17:40+00:00,2015-11-20 08:40:16+00:00,andypetrella
andypetrella,382,Df row viz support,485,1448,41,6,3,2015-11-18T16:28:06+00:00;2015-11-25T08:33:41+00:00;2015-11-25T09:53:07+00:00,merged,2015-11-15T21:05:29+00:00,2015-11-25 09:53:11+00:00,andypetrella
andypetrella,381,Future spark versions,534,1314,19,9,6,2015-11-29T17:11:22+00:00;2015-11-29T18:12:17+00:00;2015-11-29T20:14:00+00:00;2015-11-30T12:48:55+00:00;2015-11-20T10:39:06+00:00;2015-11-25T09:54:38+00:00,merged,2015-11-15T13:53:08+00:00,2015-11-30 12:48:11+00:00,andypetrella
juanpedromoreno,378,47 Degrees has adopted Spark Notebook,163,1,1,5,1,2015-11-11T20:22:15+00:00,merged,2015-11-11T19:02:49+00:00,2015-11-11 20:22:18+00:00,andypetrella
vidma,376,Support DataFrames in charts (add DataFrameToPoints),739,37,1,8,7,2015-11-10T07:18:56+00:00;2015-11-10T09:04:54+00:00;2015-11-11T11:17:08+00:00;2015-11-11T20:33:02+00:00;2015-11-09T20:06:37+00:00;2015-11-15T18:22:23+00:00;2015-11-18T16:20:09+00:00,merged,2015-11-09T20:00:43+00:00,2015-11-25 09:53:12+00:00,andypetrella
vidma,375,Support Spark 1.5.2,315,628,7,10,4,2015-11-11T20:18:11+00:00;2015-11-30T12:38:20+00:00;2015-11-09T19:20:10+00:00;2015-11-11T17:05:50+00:00,merged,2015-11-09T19:09:54+00:00,2015-11-30 12:38:27+00:00,vidma
huitseeker,374,Adapted args ii,235,21,4,3,1,2015-11-08T19:37:14+00:00,merged,2015-11-08T18:27:44+00:00,2015-11-08 19:37:16+00:00,andypetrella
huitseeker,373,Remove reliance on Adapted arguments,49,8,2,3,1,2015-11-07T17:39:05+00:00,merged,2015-11-07T16:59:42+00:00,2015-11-07 17:39:25+00:00,andypetrella
andypetrella,370,forward proxy info to spawned process for SBT to work (actually ivy under the hood),233,53,7,8,3,2015-11-06T08:47:01+00:00;2015-11-06T18:59:19+00:00;2015-11-08T21:40:27+00:00,merged,2015-11-05T21:38:36+00:00,2015-11-09 16:43:04+00:00,andypetrella
teramonagi,366,Added explanation for metadata in detail,120,2,1,4,1,2015-10-28T06:44:16+00:00,merged,2015-10-28T00:20:54+00:00,2015-10-28 06:44:19+00:00,andypetrella
deanwampler,355,"Added an explicit ""."" to the call to !! for the :sh feature.",293,2,1,3,1,2015-10-21T20:23:03+00:00,merged,2015-10-21T19:23:19+00:00,2015-10-21 20:23:06+00:00,andypetrella
deanwampler,350,Added a Quick Start section near the beginning of the README,232,29,1,2,1,2015-10-21T18:20:34+00:00,merged,2015-10-21T16:11:26+00:00,2015-10-21 18:20:06+00:00,andypetrella
cdmuhlb,344,Fix #343 Allow empty scripts in Playground,787,2,1,4,1,2015-10-18T12:52:51+00:00,merged,2015-10-14T06:02:15+00:00,2015-10-18 12:52:54+00:00,andypetrella
hamero,340,Update README.md,48,2,1,3,1,2015-10-18T12:47:45+00:00,merged,2015-10-11T08:17:20+00:00,2015-10-18 12:48:42+00:00,andypetrella
andypetrella,334,targets #294 and #321,565,271,10,6,0,,merged,2015-10-04T18:16:31+00:00,2015-10-04 18:40:51+00:00,andypetrella
benqua,331,add explicit charset (instead of system default) to save function,256,5,1,2,0,,merged,2015-10-02T22:37:26+00:00,2015-10-03 06:12:58+00:00,andypetrella
cbvoxel,324,[ #142] An early state suggestion for the usage of the Scala Presentation Compiler.,1801,167,4,35,14,2015-09-23T04:49:53+00:00;2015-09-23T18:31:02+00:00;2015-09-23T18:31:45+00:00;2015-09-23T22:24:47+00:00;2015-09-24T08:12:06+00:00;2015-09-24T16:09:46+00:00;2015-09-27T22:30:53+00:00;2015-10-01T11:09:49+00:00;2015-10-01T11:44:15+00:00;2015-10-01T11:49:18+00:00;2015-10-02T07:41:47+00:00;2015-10-03T06:27:06+00:00;2015-10-03T16:42:33+00:00;2015-10-05T08:21:52+00:00,merged,2015-09-22T14:29:10+00:00,2015-10-03 16:42:36+00:00,andypetrella
andypetrella,320,git and version stuffs,162,56,3,9,9,2015-09-12T15:19:02+00:00;2015-09-12T17:25:27+00:00;2015-09-12T18:21:43+00:00;2015-09-12T18:23:14+00:00;2015-09-12T18:27:13+00:00;2015-09-13T23:27:09+00:00;2015-09-14T00:13:56+00:00;2015-09-12T17:23:13+00:00;2015-09-12T18:17:40+00:00,merged,2015-09-12T15:16:06+00:00,2015-09-19 12:57:37+00:00,andypetrella
andypetrella,318,Pivot Chart first proposal/draft (fixes #242),206,2140,11,5,1,2015-09-10T16:12:45+00:00,merged,2015-09-10T12:30:00+00:00,2015-09-10 16:12:48+00:00,andypetrella
maasg,317,Adds the Getting Started with Spark and Cassandra Notebook,451,285,1,14,9,2015-09-06T23:03:08+00:00;2015-09-06T23:12:36+00:00;2015-09-08T18:41:39+00:00;2015-09-08T19:00:23+00:00;2015-09-08T22:09:15+00:00;2015-09-08T22:15:18+00:00;2015-09-06T22:34:06+00:00;2015-09-06T22:35:48+00:00;2015-09-06T22:40:08+00:00,merged,2015-09-06T22:06:29+00:00,2015-09-08 19:00:27+00:00,andypetrella
petervandenabeele,316,"Typo in log message ""cout"" => ""count""",71,4,1,4,1,2015-09-02T20:41:25+00:00,merged,2015-09-02T19:50:40+00:00,2015-09-02 20:41:27+00:00,andypetrella
flrngel,315,"Adoptors update, add Vingle.net",0,2,1,5,1,2015-09-02T09:02:27+00:00,merged,2015-09-02T08:42:05+00:00,2015-09-02 09:02:29+00:00,andypetrella
maasg,314,Update from andypetrella/master,13,0,0,1,2,2015-09-01T20:06:46+00:00;2015-09-01T20:08:03+00:00,closed,2015-09-01T20:05:20+00:00,2015-09-01 20:06:13+00:00,maasg
andypetrella,312,kill refs to servlet-api...,51,8,1,5,0,,merged,2015-08-31T21:58:38+00:00,2015-08-31 21:58:44+00:00,andypetrella
andypetrella,309,added spark 1.5.0-rc2 support,163,1398,24,5,0,,merged,2015-08-26T13:14:31+00:00,2015-08-27 20:46:46+00:00,andypetrella
andypetrella,307,N fixes,727,251,18,7,2,2015-08-24T21:20:11+00:00;2015-08-24T21:21:51+00:00,merged,2015-08-24T21:19:45+00:00,2015-08-24 21:20:15+00:00,andypetrella
andypetrella,305,fixes #299,47,20,2,5,0,,merged,2015-08-20T06:53:17+00:00,2015-08-20 06:53:25+00:00,andypetrella
andypetrella,304,new proposal for the skiny cp,531,37,3,13,5,2015-08-24T18:27:14+00:00;2015-08-25T14:22:31+00:00;2015-08-30T10:07:03+00:00;2015-08-30T14:42:11+00:00;2015-08-30T14:53:07+00:00,merged,2015-08-19T22:33:47+00:00,2015-08-30 14:51:59+00:00,andypetrella
antonkulaga,289,added ammonite console REPL,240,16,5,9,7,2015-08-17T21:15:20+00:00;2015-08-19T14:27:25+00:00;2015-08-19T17:46:39+00:00;2015-08-19T23:17:05+00:00;2015-08-20T02:17:31+00:00;2015-08-20T02:27:04+00:00;2016-02-03T15:30:20+00:00,closed,2015-08-17T21:14:05+00:00,2016-02-03 15:33:07+00:00,vidma
mrt,288,Need file:// prefix to read dataFile on localFS,697,4,1,4,1,2015-08-16T13:57:55+00:00,merged,2015-08-16T03:05:54+00:00,2015-08-16 13:57:58+00:00,andypetrella
andypetrella,287,"fix ADD_JARS to use ',' and fix classpath import from conf",0,8,3,4,0,,merged,2015-08-04T23:48:57+00:00,2015-08-04 23:49:01+00:00,andypetrella
andypetrella,286,Branch 0.6,15,7,3,4,0,,merged,2015-08-04T23:16:03+00:00,2015-08-04 23:17:44+00:00,andypetrella
cbvoxel,283,Fixes #281: classpath too long and wrong separator.,24,0,0,8,14,2015-08-01T16:58:25+00:00;2015-08-15T14:36:01+00:00;2015-08-19T08:15:35+00:00;2015-08-30T14:53:30+00:00;2015-08-01T16:40:29+00:00;2015-08-01T16:42:57+00:00;2015-08-01T16:57:16+00:00;2015-08-01T18:18:25+00:00;2015-08-01T18:22:39+00:00;2015-08-01T18:23:15+00:00;2015-08-03T11:17:54+00:00;2015-08-06T08:23:47+00:00;2015-08-07T11:55:41+00:00;2015-08-08T09:57:44+00:00,closed,2015-08-01T16:15:07+00:00,2015-08-30 14:53:38+00:00,andypetrella
petervandenabeele,278,Small fixes to README,130,6,1,4,1,2015-07-25T12:46:18+00:00,merged,2015-07-25T10:47:45+00:00,2015-07-25 12:46:25+00:00,andypetrella
andypetrella,276,Branch 0.6,0,3,1,4,0,,merged,2015-07-23T02:19:36+00:00,2015-07-23 02:19:42+00:00,andypetrella
cheleb,275,Upgrade to latest version of Play (2.4.2).,169,78,7,14,9,2015-07-22T20:12:44+00:00;2015-07-23T06:56:53+00:00;2015-07-26T12:40:52+00:00;2015-08-07T14:51:39+00:00;2015-08-07T16:30:52+00:00;2015-09-25T15:17:17+00:00;2015-09-27T21:46:55+00:00;2015-11-11T20:34:19+00:00;2016-08-07T18:36:29+00:00,closed,2015-07-22T16:42:55+00:00,2016-08-07 18:36:31+00:00,andypetrella
andypetrella,274,fix docker build,0,2,1,4,0,,merged,2015-07-22T10:13:15+00:00,2015-07-22 10:13:18+00:00,andypetrella
andypetrella,271,bump v0.6.1,0,2,1,4,0,,merged,2015-07-21T23:26:20+00:00,2015-07-21 23:26:33+00:00,andypetrella
andypetrella,269,"fixes #249 and cp, dp",131,34,3,9,1,2015-07-20T22:03:56+00:00,merged,2015-07-20T21:58:23+00:00,2015-07-20 21:59:11+00:00,andypetrella
andypetrella,268,update WISP fixes #187,455,2951,28,4,0,,merged,2015-07-20T17:19:27+00:00,2015-07-20 17:26:09+00:00,andypetrella
andypetrella,264,Branch 0.6,0,73,2,4,0,,merged,2015-07-19T21:52:26+00:00,2015-07-19 21:52:59+00:00,andypetrella
andypetrella,263,Fixes #249,340,73,2,8,0,,merged,2015-07-19T21:52:00+00:00,2015-07-19 21:52:08+00:00,andypetrella
andypetrella,262,clear the init context to get rid of class not def in workers,282,77,1,7,0,,merged,2015-07-19T00:16:46+00:00,2015-07-19 00:16:52+00:00,andypetrella
andypetrella,261,fixes #260,0,101,1,4,0,,merged,2015-07-18T14:31:43+00:00,2015-07-18 14:31:47+00:00,andypetrella
lev112,259,add missing yarn dependencies,11,8,2,7,1,2015-07-17T09:36:46+00:00,merged,2015-07-17T09:29:06+00:00,2015-07-17 09:36:50+00:00,andypetrella
andypetrella,257,added support for spark 1.4.1... including 2.11.6 for scala,102,1211,16,5,0,,merged,2015-07-16T22:36:30+00:00,2015-07-16 22:36:38+00:00,andypetrella
andypetrella,254,"fix geo with no data and load mouse, fix save with error blocks, rm jupyterand terminals",0,127,5,4,0,,merged,2015-07-16T12:44:26+00:00,2015-07-16 12:44:30+00:00,andypetrella
andypetrella,252,extend timeout for scala 2.11,86,14,7,4,0,,merged,2015-07-15T20:42:49+00:00,2015-07-15 20:42:54+00:00,andypetrella
andypetrella,250,safe guards on matches to have at least comprehensive exceptions,0,8,1,4,0,,merged,2015-07-15T13:29:46+00:00,2015-07-15 13:29:53+00:00,andypetrella
EronWright,246,Enhanced Dataframe,327,318,6,11,6,2015-07-12T19:00:58+00:00;2015-07-12T23:19:39+00:00;2015-07-13T08:31:32+00:00;2015-07-12T15:43:01+00:00;2015-07-12T15:43:46+00:00;2015-07-12T15:44:35+00:00,merged,2015-07-12T04:53:07+00:00,2015-07-13 03:24:18+00:00,EronWright
andypetrella,239,fixes #237,57,21,6,5,0,,merged,2015-07-07T21:32:20+00:00,2015-07-07 21:32:27+00:00,andypetrella
andypetrella,236,reactive geo map,0,690,10,4,0,,merged,2015-06-26T17:32:37+00:00,2015-06-26 17:32:41+00:00,andypetrella
andypetrella,235,geo inconsistencies classical hell,0,183,3,4,0,,merged,2015-06-24T23:26:44+00:00,2015-06-24 23:26:47+00:00,andypetrella
andypetrella,230,let's make thing clear...,31,4,1,4,0,,merged,2015-06-21T19:33:50+00:00,2015-06-21 19:33:57+00:00,andypetrella
andypetrella,229,added map plot for latLon,0,939,14,4,0,,merged,2015-06-21T18:56:19+00:00,2015-06-21 18:56:23+00:00,andypetrella
sourcedelica,228,Add MapR info to README,15,85,5,8,12,2015-06-21T11:27:55+00:00;2015-06-23T01:41:07+00:00;2015-06-23T10:12:02+00:00;2015-06-23T14:19:15+00:00;2015-06-21T11:27:14+00:00;2015-06-21T14:35:03+00:00;2015-06-21T14:54:43+00:00;2015-06-21T15:40:47+00:00;2015-06-21T16:06:12+00:00;2015-06-22T14:41:27+00:00;2015-06-22T15:37:35+00:00;2015-06-22T16:04:39+00:00,merged,2015-06-21T00:32:07+00:00,2015-06-23 10:12:21+00:00,andypetrella
andypetrella,226,Plot Graph using types Node and Edge direclty,6,308,4,4,0,,merged,2015-06-20T00:58:18+00:00,2015-06-20 00:58:23+00:00,andypetrella
andypetrella,225,handle null values in list/array/map/df,0,1,1,4,0,,merged,2015-06-19T19:12:03+00:00,2015-06-19 19:12:09+00:00,andypetrella
andypetrella,224,fixes #192,0,28,2,4,0,,merged,2015-06-18T22:14:29+00:00,2015-06-18 22:14:33+00:00,andypetrella
andypetrella,223,first cut for #195 w/o ipy or github -- only browser side though,433,99,3,6,0,,merged,2015-06-18T18:25:36+00:00,2015-06-18 18:25:42+00:00,andypetrella
andypetrella,222,fix exception at startup + #fix 220,0,179,23,4,0,,merged,2015-06-18T16:08:34+00:00,2015-06-18 16:08:38+00:00,andypetrella
andypetrella,221,logs the errors occuring in cells + safer reflector (specially for Row),0,124,20,4,0,,merged,2015-06-17T11:22:30+00:00,2015-06-17 11:22:39+00:00,andypetrella
andypetrella,219,fixes #216 (guava badly bumped to 18 restored to 14.0.1),0,27,3,4,0,,merged,2015-06-16T09:27:20+00:00,2015-06-16 09:27:24+00:00,andypetrella
andypetrella,218,merge Branch 0.6,0,812,14,4,0,,merged,2015-06-15T21:20:33+00:00,2015-06-15 21:20:42+00:00,andypetrella
andypetrella,217,fixes #215,322,812,14,7,0,,merged,2015-06-15T21:19:41+00:00,2015-06-15 21:19:52+00:00,andypetrella
andypetrella,214,First iteration of simple DataFrame auto (or not) rendering (fixes #200),449,280,4,10,10,2015-06-14T19:18:21+00:00;2015-06-14T19:49:08+00:00;2015-06-14T21:14:19+00:00;2015-06-14T21:18:21+00:00;2015-06-14T19:03:35+00:00;2015-06-14T19:08:47+00:00;2015-06-14T19:42:57+00:00;2015-06-14T19:51:11+00:00;2015-06-14T19:52:58+00:00;2015-06-14T20:01:19+00:00,merged,2015-06-14T17:07:05+00:00,2015-06-14 17:43:38+00:00,andypetrella
xtordoir,213,"Cleaned output of MSE, added Training set MSE",82,37,1,7,1,2015-06-14T14:15:55+00:00,merged,2015-06-14T14:11:40+00:00,2015-06-14 14:15:58+00:00,andypetrella
xtordoir,212,Notebooks adam mllib,100,1511,3,6,1,2015-06-14T13:38:01+00:00,merged,2015-06-14T13:29:46+00:00,2015-06-14 13:38:04+00:00,andypetrella
andypetrella,208,Lantian0802 master,69,50,4,7,1,2015-06-08T10:41:04+00:00,merged,2015-06-08T10:39:56+00:00,2015-06-08 10:41:07+00:00,andypetrella
andypetrella,207,#fixes 206,47,1386,27,4,0,,merged,2015-06-08T10:00:15+00:00,2015-06-08 10:00:20+00:00,andypetrella
andypetrella,204,added with.parquet prop and spark repo for 1.4.0,399,33,3,4,0,,merged,2015-06-06T12:34:58+00:00,2015-06-06 12:35:07+00:00,andypetrella
EronWright,203,Issue #201 - Spark Packages,1165,128,5,11,12,2015-06-06T10:22:06+00:00;2015-06-06T15:23:15+00:00;2015-06-06T16:33:29+00:00;2015-06-06T16:38:43+00:00;2015-06-06T17:16:56+00:00;2015-06-06T22:31:34+00:00;2015-06-08T09:08:36+00:00;2015-06-09T19:56:24+00:00;2015-06-10T06:47:05+00:00;2015-06-11T19:37:05+00:00;2015-06-06T10:09:42+00:00;2015-06-06T10:12:50+00:00,merged,2015-06-06T08:49:01+00:00,2015-06-11 19:37:08+00:00,andypetrella
deanwampler,202,Add the -deprecation warning by default,598,5,1,6,1,2015-06-06T10:54:05+00:00,merged,2015-06-06T07:23:27+00:00,2015-06-06 10:54:08+00:00,andypetrella
shijinkui,198,[fix bug] NullPointerException,119,155,5,6,7,2015-06-03T15:52:49+00:00;2015-06-04T09:08:18+00:00;2015-06-03T15:41:57+00:00;2015-06-03T15:43:34+00:00;2015-06-03T15:51:20+00:00;2015-06-03T23:22:00+00:00;2015-06-03T23:24:06+00:00,merged,2015-06-03T11:11:11+00:00,2015-06-04 09:08:21+00:00,andypetrella
lantian0802,197,add clusterlist delete function and code format,141,123,4,6,10,2015-06-03T15:38:21+00:00;2015-06-04T01:25:02+00:00;2015-06-04T09:09:22+00:00;2015-06-03T15:22:12+00:00;2015-06-03T15:33:02+00:00;2015-06-03T15:33:27+00:00;2015-06-03T15:34:51+00:00;2015-06-03T15:35:24+00:00;2015-06-03T15:36:12+00:00;2015-06-03T15:39:55+00:00,merged,2015-06-03T08:49:34+00:00,2015-06-08 10:41:08+00:00,andypetrella
andypetrella,196,"added some more context like markdown, plain, html for interpolations",238,224,6,5,1,2015-06-02T16:54:36+00:00,merged,2015-06-02T16:54:11+00:00,2015-06-02 16:54:41+00:00,andypetrella
andypetrella,194,Radek1st master,209,967,2,9,2,2015-06-02T16:49:53+00:00;2015-06-03T10:08:23+00:00,merged,2015-05-31T22:44:00+00:00,2015-06-02 16:49:58+00:00,andypetrella
radek1st,191,anomaly detection notebook,312,47,2,10,5,2015-05-31T22:46:07+00:00;2015-06-04T15:25:31+00:00;2015-06-04T15:30:09+00:00;2015-06-04T15:37:33+00:00;2015-06-04T15:39:31+00:00,merged,2015-05-29T20:33:24+00:00,2015-06-02 16:49:59+00:00,andypetrella
shijinkui,190,clean code,70,5331,79,6,26,2015-05-26T09:59:07+00:00;2015-05-26T11:21:28+00:00;2015-05-26T10:33:50+00:00;2015-05-26T10:35:19+00:00;2015-05-26T10:36:17+00:00;2015-05-26T10:36:25+00:00;2015-05-26T10:37:57+00:00;2015-05-26T10:40:04+00:00;2015-05-26T10:44:08+00:00;2015-05-26T10:48:13+00:00;2015-05-26T10:54:27+00:00;2015-05-26T10:55:53+00:00;2015-05-26T11:00:44+00:00;2015-05-26T23:25:59+00:00;2015-05-26T23:29:57+00:00;2015-05-26T23:35:12+00:00;2015-05-26T23:38:23+00:00;2015-05-26T23:42:09+00:00;2015-05-26T23:43:32+00:00;2015-05-26T23:47:05+00:00;2015-05-26T23:48:36+00:00;2015-05-26T23:49:54+00:00;2015-05-26T23:50:24+00:00;2015-05-27T00:34:59+00:00;2015-05-28T08:37:22+00:00;2015-05-28T08:37:41+00:00,merged,2015-05-26T07:58:52+00:00,2015-05-29 10:31:51+00:00,andypetrella
andypetrella,189,fixes #171,65,3757,51,5,0,,merged,2015-05-24T10:37:11+00:00,2015-05-24 10:37:17+00:00,andypetrella
RPCMoritz,186,#183 Add environment variable information,187,18,1,6,4,2015-05-20T15:09:51+00:00;2015-05-22T09:28:10+00:00;2015-05-20T15:09:01+00:00;2015-05-20T15:09:04+00:00,merged,2015-05-20T14:57:41+00:00,2015-05-22 09:28:12+00:00,andypetrella
andypetrella,173,Fix for #169 and #172,619,81,5,7,2,2015-05-12T11:11:17+00:00;2015-05-12T11:29:00+00:00,merged,2015-05-12T10:04:53+00:00,2015-05-12 11:29:19+00:00,andypetrella
andypetrella,170,fixes #168,87,33,2,4,0,,merged,2015-05-10T13:55:04+00:00,2015-05-10 13:55:44+00:00,andypetrella
andypetrella,167,Interrupt spark jobs,311,142,7,6,0,,merged,2015-05-04T19:45:29+00:00,2015-05-04 19:45:51+00:00,andypetrella
andypetrella,153,Hadoop conf dir,271,29,5,5,0,,merged,2015-04-18T21:30:50+00:00,2015-04-18 21:31:14+00:00,andypetrella
minyk,152,Support for Lighting visualization server.,71,651,11,13,11,2015-04-30T15:28:59+00:00;2015-05-01T05:29:33+00:00;2015-05-01T08:34:21+00:00;2015-05-01T08:57:48+00:00;2015-05-02T07:25:36+00:00;2015-09-03T23:53:28+00:00;2015-09-03T23:55:38+00:00;2015-09-03T23:59:35+00:00;2015-09-04T00:12:35+00:00;2016-02-03T15:40:32+00:00;2015-11-11T10:21:38+00:00,closed,2015-04-18T09:29:38+00:00,2016-02-03 15:40:32+00:00,vidma
andypetrella,151,Aether 2.11,191,1034,11,5,0,,merged,2015-04-17T17:47:37+00:00,2015-04-17 17:48:50+00:00,andypetrella
andypetrella,149,now output streams can be hidden all at once or 1/1,258,258,11,5,0,,merged,2015-04-13T06:23:12+00:00,2015-04-13 06:23:24+00:00,andypetrella
andypetrella,148,"[WIP] Adds support for long lived sessions, but misses cross interactions",2148,1022,44,9,3,2015-04-15T22:37:24+00:00;2015-04-27T13:08:32+00:00;2015-05-04T02:01:02+00:00,merged,2015-04-12T18:13:21+00:00,2015-05-04 02:01:30+00:00,andypetrella
nightscape,145,Fix link to consoleDir.coffee,0,2,1,4,1,2015-04-08T13:47:21+00:00,merged,2015-04-08T02:21:37+00:00,2015-04-08 13:47:23+00:00,andypetrella
andypetrella,140,fixes #133,444,9,1,9,0,,merged,2015-03-29T19:37:26+00:00,2015-03-30 00:39:12+00:00,andypetrella
andypetrella,139,fixes #134 and added /tree[/] support,18,10,2,7,1,2015-03-29T18:01:37+00:00,merged,2015-03-29T17:59:02+00:00,2015-03-29 18:01:27+00:00,andypetrella
andypetrella,138,fixes #137,366,192,8,5,0,,merged,2015-03-29T00:42:12+00:00,2015-03-29 00:42:19+00:00,andypetrella
andypetrella,132,support for 1.3.0 (it's now the default!),38,1185,15,5,0,,merged,2015-03-24T09:29:38+00:00,2015-03-24 21:51:28+00:00,andypetrella
andypetrella,131,externalization and shuffling the magic viz to allow some customizations,196,1004,15,15,3,2015-03-22T22:43:10+00:00;2015-03-22T23:02:03+00:00;2015-03-26T12:38:42+00:00,merged,2015-03-22T21:49:05+00:00,2015-03-26 12:38:46+00:00,andypetrella
antonkulaga,129,added some tips to readme,75,17,1,2,0,,merged,2015-03-17T16:10:34+00:00,2015-03-17 21:42:19+00:00,andypetrella
minyk,128,Add YARN support.,32,101,5,4,1,2015-03-16T10:48:50+00:00,merged,2015-03-16T10:44:02+00:00,2015-03-16 10:48:53+00:00,andypetrella
andypetrella,127,Configuration of notebooks uses a wizard,447,4414,14,5,0,,merged,2015-03-08T21:29:09+00:00,2015-03-08 21:29:15+00:00,andypetrella
agile-lab,125,Issue 105,0,5691,7,6,7,2015-03-02T23:15:34+00:00;2015-03-03T19:06:33+00:00;2015-03-03T19:17:15+00:00;2015-03-03T19:34:22+00:00;2015-03-02T22:50:29+00:00;2015-03-02T23:06:49+00:00;2015-03-02T23:08:49+00:00,merged,2015-03-02T16:15:19+00:00,2015-03-03 19:05:40+00:00,andypetrella
andypetrella,122,fixes #117,149,187,5,5,0,,merged,2015-02-26T11:28:58+00:00,2015-02-26 11:33:04+00:00,andypetrella
andypetrella,119,"Tree, duplicate, delete",123,792,11,5,0,,merged,2015-02-24T16:10:12+00:00,2015-02-24 16:10:18+00:00,andypetrella
andypetrella,114,fixes #28,437,1185,16,5,0,,merged,2015-02-14T00:07:50+00:00,2015-02-14 22:39:34+00:00,andypetrella
andypetrella,112,fixes #109,181,2,1,5,0,,merged,2015-02-12T20:50:39+00:00,2015-02-12 20:50:44+00:00,andypetrella
andypetrella,111,fixes #106,64,4,3,3,0,,merged,2015-02-12T19:54:21+00:00,2015-02-12 20:30:02+00:00,andypetrella
agile-lab,108,patch for issue #107,0,6,2,4,1,2015-02-12T09:55:47+00:00,merged,2015-02-11T22:33:55+00:00,2015-02-12 09:55:49+00:00,andypetrella
xtordoir,102,Clustering genomes notebook (cf blog post bdgenomics.org),0,317,1,4,1,2015-02-10T00:35:31+00:00,merged,2015-02-10T00:23:05+00:00,2015-02-10 00:35:29+00:00,andypetrella
andypetrella,100,should fix the proxy issue when downloading deps...,39,42,3,5,0,,merged,2015-02-09T19:45:06+00:00,2015-02-09 19:45:13+00:00,andypetrella
andypetrella,96,fixes #90,31,58,1,5,0,,merged,2015-02-09T00:46:37+00:00,2015-02-09 00:46:46+00:00,andypetrella
andypetrella,95,Boot2docker doc + mailing lists,0,50,1,5,0,,merged,2015-02-07T14:37:29+00:00,2015-02-07 14:37:32+00:00,andypetrella
xtordoir,94,Moved :dp to the top to avoid underlying clean removing variables,85,56,3,4,1,2015-02-07T13:28:19+00:00,merged,2015-02-07T11:17:15+00:00,2015-02-07 13:28:17+00:00,andypetrella
andypetrella,93,cleaning and sanitizing,0,170,4,5,0,,merged,2015-02-07T01:38:16+00:00,2015-02-07 01:38:23+00:00,andypetrella
stevenbeeckman,92,Added Java 7 as a requirement in the documentation,311,5,1,4,1,2015-02-06T21:03:40+00:00,merged,2015-02-06T20:38:26+00:00,2015-02-06 21:03:44+00:00,andypetrella
andypetrella,86,Issue 83,12,677,31,5,0,,merged,2015-02-02T22:48:24+00:00,2015-02-02 22:48:32+00:00,andypetrella
mandubian,81,added know issues on inotify watches in README,0,43,1,4,1,2015-02-02T15:35:44+00:00,merged,2015-02-01T12:39:40+00:00,2015-02-02 15:35:40+00:00,andypetrella
mandubian,80,Correct missing fontawesome-webfont in Firefox (under Archlinux),139,8,1,4,1,2015-02-02T15:50:46+00:00,merged,2015-02-01T12:38:09+00:00,2015-02-02 15:50:48+00:00,andypetrella
andypetrella,79,IPython UI,262,164368,612,5,1,2015-01-29T00:21:18+00:00,merged,2015-01-29T00:20:17+00:00,2015-01-29 00:21:28+00:00,andypetrella
gitter-badger,78,Add a Gitter chat badge to README.md,695,2,1,6,0,,merged,2015-01-25T23:13:07+00:00,2015-01-25 23:15:55+00:00,andypetrella
andypetrella,76,Spark 1.2.0,445,135,9,3,0,,merged,2015-01-24T22:12:26+00:00,2015-01-24 22:14:24+00:00,andypetrella
andypetrella,75,enable fancier charts,59,92,4,5,0,,merged,2015-01-24T09:27:09+00:00,2015-01-24 09:27:13+00:00,andypetrella
andypetrella,73,Issue 70,123,17878,9,4,0,,merged,2015-01-23T01:02:08+00:00,2015-01-23 01:02:25+00:00,andypetrella
andypetrella,69,versionning changed + added debian packages in distAll,190,34,2,5,0,,merged,2015-01-21T22:14:23+00:00,2015-01-21 22:14:30+00:00,andypetrella
andypetrella,68,extended external config for remote process,0,29,4,5,0,,merged,2015-01-21T07:33:05+00:00,2015-01-21 07:34:16+00:00,andypetrella
andypetrella,67,clean config and kernel uses some tuning params now... but globally :-/,271,134,6,5,0,,merged,2015-01-15T18:38:09+00:00,2015-01-15 18:38:21+00:00,andypetrella
andypetrella,66,fixes #34 and fixes #65 ,33,133,7,4,0,,merged,2015-01-14T15:03:44+00:00,2015-01-14 15:03:55+00:00,andypetrella
andypetrella,64,Remote process fix,100,526,14,5,0,,merged,2015-01-10T01:45:38+00:00,2015-01-10 01:45:58+00:00,andypetrella
nathan-gs,63,Hadoop 2.3 & Hadoop 2.4 support,147,4,1,3,0,,merged,2015-01-06T11:00:13+00:00,2015-01-06 12:23:12+00:00,andypetrella
stevenbeeckman,61,Cleaned up the copy of README.md,45,22,1,4,1,2015-01-05T10:06:49+00:00,merged,2015-01-05T09:59:26+00:00,2015-01-05 10:06:43+00:00,andypetrella
andypetrella,54,closes #52,165,173,6,5,0,,merged,2014-12-27T00:57:25+00:00,2014-12-27 00:59:06+00:00,andypetrella
andypetrella,53,quick docker setup,159,10,2,5,0,,merged,2014-12-26T00:15:56+00:00,2014-12-26 00:16:02+00:00,andypetrella
andypetrella,50,Play,315,66621,530,5,0,,merged,2014-12-23T01:18:37+00:00,2014-12-23 01:18:48+00:00,andypetrella
FRosner,48,Correct copy paste mistake in README,75,2,1,4,1,2014-12-10T16:31:33+00:00,merged,2014-12-10T15:44:38+00:00,2014-12-10 16:31:42+00:00,andypetrella
FRosner,47,Document hostname property in .conf,71,4,1,4,2,2014-12-10T13:13:17+00:00;2014-12-10T15:41:54+00:00,merged,2014-12-10T12:53:04+00:00,2014-12-10 13:13:21+00:00,andypetrella
andypetrella,46,"added :dp, remote-repo and local-repo contexts",531,1230,18,5,0,,merged,2014-12-03T22:47:15+00:00,2014-12-03 22:47:27+00:00,andypetrella
andypetrella,45,fix #26,72,82,2,5,0,,merged,2014-11-28T23:54:50+00:00,2014-11-28 23:54:56+00:00,andypetrella
agile-lab,44,Issue #43 fixed,87,0,1,4,1,2014-11-28T07:10:15+00:00,merged,2014-11-28T01:24:59+00:00,2014-11-28 07:10:19+00:00,andypetrella
andypetrella,19,Form widget,0,164,3,5,0,,merged,2014-11-23T17:13:13+00:00,2014-11-23 17:13:19+00:00,andypetrella
andypetrella,18,allow this jar resolver to skip some crap + WIP on ADAM,97,161,4,5,0,,merged,2014-11-22T08:08:05+00:00,2014-11-22 08:08:13+00:00,andypetrella
andypetrella,17,Update a bit the Connector api (might need a refactor). Solve some css i...,438,101,7,9,0,,merged,2014-11-21T19:08:41+00:00,2014-11-21 19:08:51+00:00,andypetrella
andypetrella,16,Bokeh,40,54,2,5,0,,merged,2014-11-18T13:41:38+00:00,2014-11-18 13:41:44+00:00,andypetrella
andypetrella,15,usage master branch in URLs,0,241,4,0,0,,closed,2014-11-17T17:01:41+00:00,2014-11-17 18:53:30+00:00,
uberwach,13,Bokeh,425,77223,11,6,15,2014-11-16T23:08:32+00:00;2014-11-16T23:11:48+00:00;2014-11-17T00:50:34+00:00;2014-11-17T00:45:36+00:00;2014-11-17T00:47:24+00:00;2014-11-17T00:49:06+00:00;2014-11-17T16:46:14+00:00;2014-11-17T16:48:19+00:00;2014-11-17T16:51:42+00:00;2014-11-17T16:53:36+00:00;2014-11-19T23:56:36+00:00;2014-11-20T17:40:42+00:00;2014-11-20T17:54:34+00:00;2014-11-20T17:59:30+00:00;2014-11-21T17:30:40+00:00,merged,2014-11-16T23:07:31+00:00,2014-11-17 16:54:00+00:00,andypetrella
andypetrella,10,"New widget [form to change config], solved the UI glitches",470,193,21,5,0,,merged,2014-11-07T23:47:01+00:00,2014-11-07 23:47:11+00:00,andypetrella
andypetrella,9,Spark sql inputs,584,670,20,5,0,,merged,2014-11-07T01:40:23+00:00,2014-11-07 01:40:28+00:00,andypetrella
andypetrella,8,Provided Spark and assembly,330,97,4,5,0,,merged,2014-11-06T21:13:12+00:00,2014-11-06 21:13:16+00:00,andypetrella
andypetrella,7,Spark feedback,675,14315,29,5,0,,merged,2014-11-01T21:22:47+00:00,2014-11-01 21:22:58+00:00,andypetrella
andypetrella,6,Clean apis,13,1003,76,3,0,,merged,2014-10-28T01:13:36+00:00,2014-10-28 01:28:08+00:00,andypetrella
theclaymethod,5,Fixed less.jsm to point to working source,78,2,1,4,1,2014-10-19T23:38:25+00:00,merged,2014-10-19T23:33:46+00:00,2014-10-19 23:38:27+00:00,andypetrella
andypetrella,4,Unsafe/Insane fix for #3,165,55,3,6,0,,merged,2014-10-14T22:22:55+00:00,2014-10-14 22:23:04+00:00,andypetrella
bigsnarfdude,2,Fixed curl target for bash script - Update README.md,124,2,1,6,1,2014-10-13T10:48:18+00:00,merged,2014-10-13T04:41:00+00:00,2014-10-13 10:48:20+00:00,andypetrella
maasg,1,Update README,104,96,1,7,1,2014-10-12T19:45:22+00:00,merged,2014-10-12T18:24:49+00:00,2014-10-12 19:45:28+00:00,andypetrella
